file,station_id,name,old_url,new_url,status,reason
/Users/norgik/Desktop/Atlas Radio v1.0/Atlas Radio v1.0/Resources/Stations/AE.json,ae-exclusively-pink-floyd,Exclusively Pink Floyd,https://streaming.exclusive.radio/er/pinkfloyd/icecast.audio,https://streaming.exclusive.radio/er/pinkfloyd/icecast.audio,skipped,not_http
/Users/norgik/Desktop/Atlas Radio v1.0/Atlas Radio v1.0/Resources/Stations/AE.json,ae-sky-arabia-news-tv,Sky Arabia News TV,http://stream.skynewsarabia.com/hls/sna_720.m3u8,https://stream.skynewsarabia.com/hls/sna_720.m3u8,upgraded,ok
/Users/norgik/Desktop/Atlas Radio v1.0/Atlas Radio v1.0/Resources/Stations/AE.json,ae-exclusively-iron-maiden,Exclusively Iron Maiden,https://nl4.mystreaming.net/er/ironmaiden/icecast.audio,https://nl4.mystreaming.net/er/ironmaiden/icecast.audio,skipped,not_http
/Users/norgik/Desktop/Atlas Radio v1.0/Atlas Radio v1.0/Resources/Stations/AE.json,ae-exclusively-abba,Exclusively ABBA,https://nl4.mystreaming.net/er/abba/icecast.audio,https://nl4.mystreaming.net/er/abba/icecast.audio,skipped,not_http
/Users/norgik/Desktop/Atlas Radio v1.0/Atlas Radio v1.0/Resources/Stations/AE.json,ae-exclusive-radio-bob-marley,Exclusive Radio – Bob Marley,https://nl4.mystreaming.net/er/bobmarley/icecast.audio,https://nl4.mystreaming.net/er/bobmarley/icecast.audio,skipped,not_http
/Users/norgik/Desktop/Atlas Radio v1.0/Atlas Radio v1.0/Resources/Stations/AE.json,ae-exclusive-radio-black-sabbath,Exclusive Radio – Black Sabbath,https://streaming.exclusive.radio/er/blacksabbath/icecast.audio,https://streaming.exclusive.radio/er/blacksabbath/icecast.audio,skipped,not_http
/Users/norgik/Desktop/Atlas Radio v1.0/Atlas Radio v1.0/Resources/Stations/AE.json,ae-exclusively-genesis,Exclusively Genesis,https://nl4.mystreaming.net/er/genesis/icecast.audio,https://nl4.mystreaming.net/er/genesis/icecast.audio,skipped,not_http
/Users/norgik/Desktop/Atlas Radio v1.0/Atlas Radio v1.0/Resources/Stations/AE.json,ae-exclusive-radio-queen,Exclusive Radio – Queen,https://nl4.mystreaming.net/er/queen/icecast.audio,https://nl4.mystreaming.net/er/queen/icecast.audio,skipped,not_http
/Users/norgik/Desktop/Atlas Radio v1.0/Atlas Radio v1.0/Resources/Stations/AE.json,ae-exclusively-the-beatles,Exclusively The Beatles,http://streaming.exclusive.radio/er/beatles/icecast.audio,https://3.mystreaming.net/er/beatles/icecast.audio,upgraded,ok
/Users/norgik/Desktop/Atlas Radio v1.0/Atlas Radio v1.0/Resources/Stations/AE.json,ae-exclusively-u2,Exclusively U2,https://nl4.mystreaming.net/er/u2/icecast.audio,https://nl4.mystreaming.net/er/u2/icecast.audio,skipped,not_http
/Users/norgik/Desktop/Atlas Radio v1.0/Atlas Radio v1.0/Resources/Stations/AE.json,ae-exclusively-elvis-presley,Exclusively Elvis Presley,http://streaming.exclusive.radio/er/elvispresley/icecast.audio,https://3.mystreaming.net/er/elvispresley/icecast.audio,upgraded,ok
/Users/norgik/Desktop/Atlas Radio v1.0/Atlas Radio v1.0/Resources/Stations/AE.json,ae-exclusively-guns-n-roses,Exclusively Guns N’ Roses,https://streaming.exclusive.radio/er/gunsnroses/icecast.audio,https://streaming.exclusive.radio/er/gunsnroses/icecast.audio,skipped,not_http
/Users/norgik/Desktop/Atlas Radio v1.0/Atlas Radio v1.0/Resources/Stations/AE.json,ae-radio-relax,Radio Relax,https://online.radiorelax.ua/RadioRelax_Int_HD,https://online.radiorelax.ua/RadioRelax_Int_HD,skipped,not_http
/Users/norgik/Desktop/Atlas Radio v1.0/Atlas Radio v1.0/Resources/Stations/AE.json,ae-rolling-stones,Rolling Stones,https://streaming.exclusive.radio/er/rollingstones/icecast.audio,https://streaming.exclusive.radio/er/rollingstones/icecast.audio,skipped,not_http
/Users/norgik/Desktop/Atlas Radio v1.0/Atlas Radio v1.0/Resources/Stations/AE.json,ae-suno-fm,Suno FM,http://51.255.235.165:5476/,http://51.255.235.165:5476/,failed,exception:ConnectionError
/Users/norgik/Desktop/Atlas Radio v1.0/Atlas Radio v1.0/Resources/Stations/AE.json,ae-sky-news-arabia-radio,sky news arabia radio,https://stream.skynewsarabia.com/hls/sna.m3u8,https://stream.skynewsarabia.com/hls/sna.m3u8,skipped,not_http
/Users/norgik/Desktop/Atlas Radio v1.0/Atlas Radio v1.0/Resources/Stations/AE.json,ae-exclusively-foo-fighters,Exclusively Foo Fighters,https://nl4.mystreaming.net/er/foofighters/icecast.audio,https://nl4.mystreaming.net/er/foofighters/icecast.audio,skipped,not_http
/Users/norgik/Desktop/Atlas Radio v1.0/Atlas Radio v1.0/Resources/Stations/AE.json,ae-exclusively-coldplay,Exclusively Coldplay,https://nl4.mystreaming.net/er/coldplay/icecast.audio,https://nl4.mystreaming.net/er/coldplay/icecast.audio,skipped,not_http
/Users/norgik/Desktop/Atlas Radio v1.0/Atlas Radio v1.0/Resources/Stations/AE.json,ae-exclusively-dean-martin,Exclusively Dean Martin,https://streaming.exclusive.radio/er/deanmartin/icecast.audio?_=1407020069,https://streaming.exclusive.radio/er/deanmartin/icecast.audio?_=1407020069,skipped,not_http
/Users/norgik/Desktop/Atlas Radio v1.0/Atlas Radio v1.0/Resources/Stations/AE.json,ae-bob-dylan,Bob Dylan,https://streaming.exclusive.radio/er/bobdylan/icecast.audio,https://streaming.exclusive.radio/er/bobdylan/icecast.audio,skipped,not_http
/Users/norgik/Desktop/Atlas Radio v1.0/Atlas Radio v1.0/Resources/Stations/AM.json,am-radio-aurora,Radio Aurora,http://am.radioaurora.am:8010/al.mp3,http://am.radioaurora.am:8010/al.mp3,failed,timeout
/Users/norgik/Desktop/Atlas Radio v1.0/Atlas Radio v1.0/Resources/Stations/AM.json,am-fama,Fama,http://eu.stream4cast.com:8036/stream/,http://eu.stream4cast.com:8036/stream/,failed,exception:ConnectionError
/Users/norgik/Desktop/Atlas Radio v1.0/Atlas Radio v1.0/Resources/Stations/AM.json,am-armenian-christian-radio-bashde-radio,Armenian Christian Radio - Bashde Radio,https://streams.radio.co/sa0bf8ec29/listen?sid=1,https://streams.radio.co/sa0bf8ec29/listen?sid=1,skipped,not_http
/Users/norgik/Desktop/Atlas Radio v1.0/Atlas Radio v1.0/Resources/Stations/AM.json,am-love-radio,LOVE RADIO,https://loveradio.streamingmedia.it/play,https://loveradio.streamingmedia.it/play,skipped,not_http
/Users/norgik/Desktop/Atlas Radio v1.0/Atlas Radio v1.0/Resources/Stations/AM.json,am-radio-ayk,Radio AYK,http://s3.streammonster.com:8117/;,http://s3.streammonster.com:8117/;,failed,exception:ConnectionError
/Users/norgik/Desktop/Atlas Radio v1.0/Atlas Radio v1.0/Resources/Stations/AM.json,am-mfm-music-radio,MFM Music Radio,https://eu.stream4cast.com/proxy/mfmradio/stream,https://eu.stream4cast.com/proxy/mfmradio/stream,skipped,not_http
/Users/norgik/Desktop/Atlas Radio v1.0/Atlas Radio v1.0/Resources/Stations/AM.json,am-kiss-fm-armenia,Kiss FM Armenia,https://am.radioaurora.am/kiss,https://am.radioaurora.am/kiss,skipped,not_http
/Users/norgik/Desktop/Atlas Radio v1.0/Atlas Radio v1.0/Resources/Stations/AM.json,am-radio-marshall,Radio Marshall,https://eu.stream4cast.com/proxy/marshallfm/stream,https://eu.stream4cast.com/proxy/marshallfm/stream,skipped,not_http
/Users/norgik/Desktop/Atlas Radio v1.0/Atlas Radio v1.0/Resources/Stations/AM.json,am-radio-van,Radio VAN,http://stream.radiovan.fm/stream/index.m3u8,http://stream.radiovan.fm/stream/index.m3u8,failed,exception:ConnectionError
/Users/norgik/Desktop/Atlas Radio v1.0/Atlas Radio v1.0/Resources/Stations/AM.json,am-luys-tv-western-armenian-tv,Luys TV Western Armenian TV,http://luyse.mediatriple.net/luystv/luystv.smil/playlist.m3u8,https://luyse.mediatriple.net/luystv/luystv.smil/playlist.m3u8,upgraded,ok
/Users/norgik/Desktop/Atlas Radio v1.0/Atlas Radio v1.0/Resources/Stations/AM.json,am-lav-radio-mix,Lav Radio Mix,http://live.lavradio.am:8006/stream2,http://live.lavradio.am:8006/stream2,failed,exception:ConnectionError
/Users/norgik/Desktop/Atlas Radio v1.0/Atlas Radio v1.0/Resources/Stations/AM.json,am-av,av,https://surrit.com/b4162a97-f7ed-433f-872d-f3e1741d9dac/playlist.m3u8,https://surrit.com/b4162a97-f7ed-433f-872d-f3e1741d9dac/playlist.m3u8,skipped,not_http
/Users/norgik/Desktop/Atlas Radio v1.0/Atlas Radio v1.0/Resources/Stations/AM.json,am-abdulbasit-abdulsamad,Abdulbasit Abdulsamad,https://radio.mp3islam.com/listen/abdulbasit/radio.mp3,https://radio.mp3islam.com/listen/abdulbasit/radio.mp3,skipped,not_http
/Users/norgik/Desktop/Atlas Radio v1.0/Atlas Radio v1.0/Resources/Stations/AR.json,ar-radio-rivadavia,Radio Rivadavia,https://playerservices.streamtheworld.com/api/livestream-redirect/RIVADAVIA.mp3,https://playerservices.streamtheworld.com/api/livestream-redirect/RIVADAVIA.mp3,skipped,not_http
/Users/norgik/Desktop/Atlas Radio v1.0/Atlas Radio v1.0/Resources/Stations/AR.json,ar-rock-and-pop-fm-95-9-rock-pop-ciudad-de-buenos-aires,Rock And Pop FM 95.9 (Rock & Pop) Ciudad de Buenos Aires,https://playerservices.streamtheworld.com/api/livestream-redirect/ROCKANDPOPAAC.aac,https://playerservices.streamtheworld.com/api/livestream-redirect/ROCKANDPOPAAC.aac,skipped,not_http
/Users/norgik/Desktop/Atlas Radio v1.0/Atlas Radio v1.0/Resources/Stations/AR.json,ar-radio-latina-fm-101-1,Radio Latina FM 101.1,http://streaming.latina101.com.ar:9000/Repetidoras,http://streaming.latina101.com.ar:9000/Repetidoras,failed,timeout
/Users/norgik/Desktop/Atlas Radio v1.0/Atlas Radio v1.0/Resources/Stations/AR.json,ar-mitre-am-790-aac-alta-ciudad-de-buenos-aires,Mitre AM 790. AAC Alta. Ciudad de Buenos Aires,https://playerservices.streamtheworld.com/api/livestream-redirect/AM790_56AAC.aac,https://playerservices.streamtheworld.com/api/livestream-redirect/AM790_56AAC.aac,skipped,not_http
/Users/norgik/Desktop/Atlas Radio v1.0/Atlas Radio v1.0/Resources/Stations/AR.json,ar-radio-rivadavia-am-630-ciudad-de-buenos-aires,Radio Rivadavia AM 630. Ciudad de Buenos Aires,https://playerservices.streamtheworld.com/api/livestream-redirect/RIVADAVIAAAC.aac,https://playerservices.streamtheworld.com/api/livestream-redirect/RIVADAVIAAAC.aac,skipped,not_http
/Users/norgik/Desktop/Atlas Radio v1.0/Atlas Radio v1.0/Resources/Stations/AR.json,ar-la-100-99-9-fm-grupo-clar-n-buenos-aires-argentina,"La 100 - 99.9 FM - Grupo Clarín - Buenos Aires, Argentina",https://playerservices.streamtheworld.com/api/livestream-redirect/FM999_56.mp3,https://playerservices.streamtheworld.com/api/livestream-redirect/FM999_56.mp3,skipped,not_http
/Users/norgik/Desktop/Atlas Radio v1.0/Atlas Radio v1.0/Resources/Stations/AR.json,ar-blue-fm-100-7-ciudad-de-buenos-aires,Blue FM 100.7. Ciudad de Buenos Aires,https://playerservices.streamtheworld.com/api/livestream-redirect/BLUE_FM_100_7AAC.aac,https://playerservices.streamtheworld.com/api/livestream-redirect/BLUE_FM_100_7AAC.aac,skipped,not_http
/Users/norgik/Desktop/Atlas Radio v1.0/Atlas Radio v1.0/Resources/Stations/AR.json,ar-radio-10,Radio 10,https://radio10.stweb.tv/radio10/live/playlist.m3u8,https://radio10.stweb.tv/radio10/live/playlist.m3u8,skipped,not_http
/Users/norgik/Desktop/Atlas Radio v1.0/Atlas Radio v1.0/Resources/Stations/AR.json,ar-el-destape-radio,El Destape Radio,https://ipanel.instream.audio/8004/stream,https://ipanel.instream.audio/8004/stream,skipped,not_http
/Users/norgik/Desktop/Atlas Radio v1.0/Atlas Radio v1.0/Resources/Stations/AR.json,ar-radio-con-vos-89-9,Radio Con Vos 89.9,https://server1.stweb.tv/rcvos/live/playlist.m3u8,https://server1.stweb.tv/rcvos/live/playlist.m3u8,skipped,not_http
/Users/norgik/Desktop/Atlas Radio v1.0/Atlas Radio v1.0/Resources/Stations/AR.json,ar-radio-la-red-am-910-ciudad-de-buenos-aires,Radio La Red AM 910. Ciudad de Buenos Aires,https://playerservices.streamtheworld.com/api/livestream-redirect/LA_RED_AM910AAC.aac,https://playerservices.streamtheworld.com/api/livestream-redirect/LA_RED_AM910AAC.aac,skipped,not_http
/Users/norgik/Desktop/Atlas Radio v1.0/Atlas Radio v1.0/Resources/Stations/AR.json,ar-radio-nacional-folklorica-98-7,Radio Nacional Folklorica 98.7,http://sa.mp3.icecast.magma.edge-access.net:7200/sc_rad38,http://sa.mp3.icecast.magma.edge-access.net:7200/sc_rad38,failed,timeout
/Users/norgik/Desktop/Atlas Radio v1.0/Atlas Radio v1.0/Resources/Stations/AR.json,ar-radio-mitre, Radio Mitre,http://playerservices.streamtheworld.com/api/livestream-redirect/AM790_56AAC_SC,https://26673.live.streamtheworld.com:443/AM790_56AAC_SC,upgraded,ok
/Users/norgik/Desktop/Atlas Radio v1.0/Atlas Radio v1.0/Resources/Stations/AR.json,ar-radio-recuerdos-106-7,Radio Recuerdos 106.7,http://198.204.234.10:8580/stream,http://198.204.234.10:8580/stream,failed,timeout
/Users/norgik/Desktop/Atlas Radio v1.0/Atlas Radio v1.0/Resources/Stations/AR.json,ar-radio-nacional-rock-93-7,Radio Nacional Rock 93.7,http://sa.mp3.icecast.magma.edge-access.net:7200/sc_rad39,http://sa.mp3.icecast.magma.edge-access.net:7200/sc_rad39,failed,timeout
/Users/norgik/Desktop/Atlas Radio v1.0/Atlas Radio v1.0/Resources/Stations/AR.json,ar-feeling-91-9-fm,Feeling 91.9 FM,http://turadioenvivo.com:8430/stream,http://turadioenvivo.com:8430/stream,failed,timeout
/Users/norgik/Desktop/Atlas Radio v1.0/Atlas Radio v1.0/Resources/Stations/AR.json,ar-radio-nacional-am-870,Radio nacional AM 870,http://sa.mp3.icecast.magma.edge-access.net:7200/sc_rad1,http://sa.mp3.icecast.magma.edge-access.net:7200/sc_rad1,failed,timeout
/Users/norgik/Desktop/Atlas Radio v1.0/Atlas Radio v1.0/Resources/Stations/AR.json,ar-fm-cumbiambera,Fm Cumbiambera,https://streaming1.locucionar.com/proxy/fmcumbiambera?mp=/stream,https://streaming1.locucionar.com/proxy/fmcumbiambera?mp=/stream,skipped,not_http
/Users/norgik/Desktop/Atlas Radio v1.0/Atlas Radio v1.0/Resources/Stations/AR.json,ar-cadena-3-cordoba,Cadena 3 Cordoba,https://liveradio.mediainbox.net/radio3.mp3,https://liveradio.mediainbox.net/radio3.mp3,skipped,not_http
/Users/norgik/Desktop/Atlas Radio v1.0/Atlas Radio v1.0/Resources/Stations/AR.json,ar-am-530-somos-radio,AM 530 Somos radio,https://ipanel.instream.audio:7000/stream,https://ipanel.instream.audio:7000/stream,skipped,not_http
/Users/norgik/Desktop/Atlas Radio v1.0/Atlas Radio v1.0/Resources/Stations/AT.json,at-austrian-rock-radio,Austrian Rock Radio,http://live.antenne.at/arr,http://live.antenne.at/arr,failed,http_error:502
/Users/norgik/Desktop/Atlas Radio v1.0/Atlas Radio v1.0/Resources/Stations/AT.json,at-orf-radio-wien,ORF Radio Wien,http://orf-live.ors-shoutcast.at/wie-q1a,https://orf-live.ors-shoutcast.at/wie-q1a,upgraded,ok
/Users/norgik/Desktop/Atlas Radio v1.0/Atlas Radio v1.0/Resources/Stations/AT.json,at-kronehit-digital,KroneHit Digital,http://onair-ha1.krone.at/kronehit1058.mp3,http://onair-ha1.krone.at/kronehit1058.mp3,failed,ssl_error
/Users/norgik/Desktop/Atlas Radio v1.0/Atlas Radio v1.0/Resources/Stations/AT.json,at-fm4-orf,FM4 | ORF,https://orf-live.ors-shoutcast.at/fm4-q1a,https://orf-live.ors-shoutcast.at/fm4-q1a,skipped,not_http
/Users/norgik/Desktop/Atlas Radio v1.0/Atlas Radio v1.0/Resources/Stations/AT.json,at-orf-slovenski-spored,ORF Slovenski spored,http://orf-live.ors-shoutcast.at/wie-q1a,https://orf-live.ors-shoutcast.at/wie-q1a,upgraded,ok
/Users/norgik/Desktop/Atlas Radio v1.0/Atlas Radio v1.0/Resources/Stations/AT.json,at-kronehit-radio,KroneHit Radio,http://onair-ha1.krone.at/kronehit64.aac,http://onair-ha1.krone.at/kronehit64.aac,failed,ssl_error
/Users/norgik/Desktop/Atlas Radio v1.0/Atlas Radio v1.0/Resources/Stations/AT.json,at-88-6-hard-rock,88.6 Hard Rock,http://radio886.at/streams/88.6_Hard_Rock/mp3,https://edge85.streamonkey.net/radio886-hardrock/stream/mp3,upgraded,ok
/Users/norgik/Desktop/Atlas Radio v1.0/Atlas Radio v1.0/Resources/Stations/AT.json,at-lounge-fm-100-austria,Lounge.FM - 100% Austria,https://s35.derstream.net/100austria.mp3,https://s35.derstream.net/100austria.mp3,skipped,not_http
/Users/norgik/Desktop/Atlas Radio v1.0/Atlas Radio v1.0/Resources/Stations/AT.json,at-superfly-fm,Superfly FM,http://stream01.superfly.fm:8080/live128,http://stream01.superfly.fm:8080/live128,failed,timeout
/Users/norgik/Desktop/Atlas Radio v1.0/Atlas Radio v1.0/Resources/Stations/AT.json,at-antenne-steiermark,Antenne Steiermark,http://live.antenne.at/as,http://live.antenne.at/as,failed,http_error:502
/Users/norgik/Desktop/Atlas Radio v1.0/Atlas Radio v1.0/Resources/Stations/AT.json,at-radino-mein-kinderradio-wien-103-2,"Radino - Mein Kinderradio Wien 103,2",http://stream01.zogl.net:8906/stream,http://stream01.zogl.net:8906/stream,failed,timeout
/Users/norgik/Desktop/Atlas Radio v1.0/Atlas Radio v1.0/Resources/Stations/AT.json,at-city23,CITY23,http://live.radiomax.technology/city23,http://live.radiomax.technology/city23,failed,http_error:400
/Users/norgik/Desktop/Atlas Radio v1.0/Atlas Radio v1.0/Resources/Stations/AT.json,at-radio-88-6,radio 88.6,http://radio886.at/streams/radio_88.6/mp3,https://edge06.streamonkey.net/radio886-onair/stream/mp3,upgraded,ok
/Users/norgik/Desktop/Atlas Radio v1.0/Atlas Radio v1.0/Resources/Stations/AT.json,at-darksynth-radio,Darksynth Radio,http://stream.laut.fm/darksynthradio,https://darksynthradio.stream.laut.fm/darksynthradio?t302=2026-03-03_19-21-51&uuid=395c5912-0bc3-4f81-a31b-4d8f2c21c5f9,upgraded,ok
/Users/norgik/Desktop/Atlas Radio v1.0/Atlas Radio v1.0/Resources/Stations/AT.json,at-fm4-orf-hq,FM4 | ORF | HQ,https://orf-live.ors-shoutcast.at/fm4-q2a,https://orf-live.ors-shoutcast.at/fm4-q2a,skipped,not_http
/Users/norgik/Desktop/Atlas Radio v1.0/Atlas Radio v1.0/Resources/Stations/AT.json,at-orf-hitradio-3-hq,ORF Hitradio Ö3 | HQ,https://orf-live.ors-shoutcast.at/oe3-q2a,https://orf-live.ors-shoutcast.at/oe3-q2a,skipped,not_http
/Users/norgik/Desktop/Atlas Radio v1.0/Atlas Radio v1.0/Resources/Stations/AT.json,at-orf-radio-nieder-sterreich-hq,ORF Radio Niederösterreich | HQ,http://orf-live.ors-shoutcast.at/noe-q2a,https://orf-live.ors-shoutcast.at/noe-q2a,upgraded,ok
/Users/norgik/Desktop/Atlas Radio v1.0/Atlas Radio v1.0/Resources/Stations/AT.json,at-radio-u1-tirol,Radio U1 Tirol,https://live.u1-radio.at/,https://live.u1-radio.at/,skipped,not_http
/Users/norgik/Desktop/Atlas Radio v1.0/Atlas Radio v1.0/Resources/Stations/AT.json,at-1000-electronic-dance-music,1000 ELECTRONIC DANCE MUSIC,http://stream.laut.fm/1000-electronic-dance-music,https://1000-electronic-dance-music.stream.laut.fm/1000-electronic-dance-music?t302=2026-03-03_19-21-52&uuid=abdc8195-3d22-41d5-b0ed-78c98adf570b,upgraded,ok
/Users/norgik/Desktop/Atlas Radio v1.0/Atlas Radio v1.0/Resources/Stations/AT.json,at-arabella-relax,Arabella Relax,https://frontend.streams.arabella.at/arabella-relax?aggregator=arabella-playlistfile,https://frontend.streams.arabella.at/arabella-relax?aggregator=arabella-playlistfile,skipped,not_http
/Users/norgik/Desktop/Atlas Radio v1.0/Atlas Radio v1.0/Resources/Stations/AU.json,au-3aw-693am,3AW - Melbourne - 693 AM,https://playerservices.streamtheworld.com/api/livestream-redirect/3AW.mp3,https://playerservices.streamtheworld.com/api/livestream-redirect/3AW.mp3,skipped,not_http
/Users/norgik/Desktop/Atlas Radio v1.0/Atlas Radio v1.0/Resources/Stations/AU.json,au-sky-news-radio,Sky News Australia Radio,https://playerservices.streamtheworld.com/api/livestream-redirect/NOVA_SKYNEWSAAC.aac,https://playerservices.streamtheworld.com/api/livestream-redirect/NOVA_SKYNEWSAAC.aac,skipped,not_http
/Users/norgik/Desktop/Atlas Radio v1.0/Atlas Radio v1.0/Resources/Stations/AU.json,au-sbs-chill,SBS Chill,https://sbs-ice.streamguys1.com/sbschill,https://sbs-ice.streamguys1.com/sbschill,skipped,not_http
/Users/norgik/Desktop/Atlas Radio v1.0/Atlas Radio v1.0/Resources/Stations/AU.json,au-gold-1043,Gold 104.3,https://ais-arn.streamguys1.com/au_004_icy,https://ais-arn.streamguys1.com/au_004_icy,skipped,not_http
/Users/norgik/Desktop/Atlas Radio v1.0/Atlas Radio v1.0/Resources/Stations/AU.json,au-abc-newsradio,ABC NewsRadio,https://abc.streamguys1.com/live/newsradio/icecast.audio,https://abc.streamguys1.com/live/newsradio/icecast.audio,skipped,not_http
/Users/norgik/Desktop/Atlas Radio v1.0/Atlas Radio v1.0/Resources/Stations/AU.json,au-b105-brisbane,B105 105.3 Brisbane,https://wz4liw.scahw.com.au/live/4bbb_128.stream/playlist.m3u8,https://wz4liw.scahw.com.au/live/4bbb_128.stream/playlist.m3u8,skipped,not_http
/Users/norgik/Desktop/Atlas Radio v1.0/Atlas Radio v1.0/Resources/Stations/AU.json,au-triple-j,Triple J,https://abc.streamguys1.com/live/triplejnsw/icecast.audio,https://abc.streamguys1.com/live/triplejnsw/icecast.audio,skipped,not_http
/Users/norgik/Desktop/Atlas Radio v1.0/Atlas Radio v1.0/Resources/Stations/AU.json,au-80s-90s-super-pop-hits,80s 90s Super Pop Hits,https://s4.myradiostream.com:7344/listen.mp3,https://s4.myradiostream.com:7344/listen.mp3,skipped,not_http
/Users/norgik/Desktop/Atlas Radio v1.0/Atlas Radio v1.0/Resources/Stations/AU.json,au-pbs-fm-1067,PBS FM - Melbourne - 106.7 FM,https://playerservices.streamtheworld.com/api/livestream-redirect/3PBS_FMAAC.aac,https://playerservices.streamtheworld.com/api/livestream-redirect/3PBS_FMAAC.aac,skipped,not_http
/Users/norgik/Desktop/Atlas Radio v1.0/Atlas Radio v1.0/Resources/Stations/AU.json,au-huaxia-voice-am1629,Huaxia Voice (全澳华语广播华厦之声),http://46.4.40.246:8059/stream,http://46.4.40.246:8059/stream,failed,timeout
/Users/norgik/Desktop/Atlas Radio v1.0/Atlas Radio v1.0/Resources/Stations/AZ.json,az-araz-fm-103-3,Araz fm 103.3,http://s39.myradiostream.com/5458/listen.mp3,https://s39.myradiostream.com:5458/listen.mp3?nocache=1772563278,upgraded,ok
/Users/norgik/Desktop/Atlas Radio v1.0/Atlas Radio v1.0/Resources/Stations/AZ.json,az-asan-radio,Asan Radio,http://94.20.74.206:4448/stream1,http://94.20.74.206:4448/stream1,failed,timeout
/Users/norgik/Desktop/Atlas Radio v1.0/Atlas Radio v1.0/Resources/Stations/AZ.json,az-autolife-radio-azerbaijan,AutoLife Radio Azerbaijan,http://radio.autoliferadio.com:8090/radio,https://radio.autoliferadio.com:8090/radio,upgraded,ok
/Users/norgik/Desktop/Atlas Radio v1.0/Atlas Radio v1.0/Resources/Stations/AZ.json,az-yurd-fm,Yurd FM,https://icecast.livetv.az/yurdfm,https://icecast.livetv.az/yurdfm,skipped,not_http
/Users/norgik/Desktop/Atlas Radio v1.0/Atlas Radio v1.0/Resources/Stations/AZ.json,az-anti-radio,Anti Radio,https://stream.antiradio.net/radio/8000/mp3,https://stream.antiradio.net/radio/8000/mp3,skipped,not_http
/Users/norgik/Desktop/Atlas Radio v1.0/Atlas Radio v1.0/Resources/Stations/AZ.json,az-xezer-fm,Xezer FM,https://s40.myradiostream.com/:22546/listen.mp3?,https://s40.myradiostream.com/:22546/listen.mp3?,skipped,not_http
/Users/norgik/Desktop/Atlas Radio v1.0/Atlas Radio v1.0/Resources/Stations/AZ.json,az-avto-fm,AVTO FM,http://5.191.241.101:8000/avtofm,http://5.191.241.101:8000/avtofm,failed,timeout
/Users/norgik/Desktop/Atlas Radio v1.0/Atlas Radio v1.0/Resources/Stations/AZ.json,az-baku-retro-fm,Baku Retro Fm,http://5.191.241.101:8000/bakuretrofm,http://5.191.241.101:8000/bakuretrofm,failed,timeout
/Users/norgik/Desktop/Atlas Radio v1.0/Atlas Radio v1.0/Resources/Stations/AZ.json,az-nax-van-radiosu,Naxçıvan Radiosu,http://s33.myradiostream.com:12782/listen.mp3,https://s33.myradiostream.com:12782/listen.mp3,upgraded,ok
/Users/norgik/Desktop/Atlas Radio v1.0/Atlas Radio v1.0/Resources/Stations/AZ.json,az-media-fm-105-5,Media Fm 105.5,https://icecast.livetv.az/mediafm,https://icecast.livetv.az/mediafm,skipped,not_http
/Users/norgik/Desktop/Atlas Radio v1.0/Atlas Radio v1.0/Resources/Stations/AZ.json,az-baku-jukebox,Baku Jukebox,http://78.109.52.73:8000/listening-from-radio-garden-1696020096,http://78.109.52.73:8000/listening-from-radio-garden-1696020096,failed,timeout
/Users/norgik/Desktop/Atlas Radio v1.0/Atlas Radio v1.0/Resources/Stations/AZ.json,az-bakuretrofm,bakuretrofm,http://5.191.241.101:8000/bakuretrofm,http://5.191.241.101:8000/bakuretrofm,failed,timeout
/Users/norgik/Desktop/Atlas Radio v1.0/Atlas Radio v1.0/Resources/Stations/AZ.json,az-caspian-business-radio-boss,Caspian Business Radio BOSS,https://myradio24.org/bosscomaz,https://myradio24.org/bosscomaz,skipped,not_http
/Users/norgik/Desktop/Atlas Radio v1.0/Atlas Radio v1.0/Resources/Stations/AZ.json,az-autolife-azerbaijan,AutoLife Azerbaijan,https://radio.autoliferadio.com:8005/radio,https://radio.autoliferadio.com:8005/radio,skipped,not_http
/Users/norgik/Desktop/Atlas Radio v1.0/Atlas Radio v1.0/Resources/Stations/AZ.json,az-az-rbaycan-beyn-lxalq-radiosu,Azərbaycan Beynəlxalq Radiosu,https://str.yodacdn.net/radio_int/tracks-a1/mono.m3u8,https://str.yodacdn.net/radio_int/tracks-a1/mono.m3u8,skipped,not_http
/Users/norgik/Desktop/Atlas Radio v1.0/Atlas Radio v1.0/Resources/Stations/AZ.json,az-baku-hit-fm,Baku Hit FM,http://5.191.241.101:8000/bakuhitfm,http://5.191.241.101:8000/bakuhitfm,failed,timeout
/Users/norgik/Desktop/Atlas Radio v1.0/Atlas Radio v1.0/Resources/Stations/BE.json,be-rtbf-la-premi-re,RTBF La Première,https://radios.rtbf.be/laprem1ere-64.aac,https://radios.rtbf.be/laprem1ere-64.aac,skipped,not_http
/Users/norgik/Desktop/Atlas Radio v1.0/Atlas Radio v1.0/Resources/Stations/BE.json,be-rtbf-classic-21,RTBF Classic 21,https://radios.rtbf.be/classic21-128.mp3,https://radios.rtbf.be/classic21-128.mp3,skipped,not_http
/Users/norgik/Desktop/Atlas Radio v1.0/Atlas Radio v1.0/Resources/Stations/BE.json,be-radio-eurodance-classic,Radio Eurodance Classic,http:quincy.torontocast.com:2380/stream,http:quincy.torontocast.com:2380/stream,skipped,not_http
/Users/norgik/Desktop/Atlas Radio v1.0/Atlas Radio v1.0/Resources/Stations/BE.json,be-bel-rtl,Bel RTL,http://belrtl.ice.infomaniak.ch/belrtl-mp3-192.mp3,https://belrtl.ice.infomaniak.ch/belrtl-mp3-192.mp3,upgraded,ok
/Users/norgik/Desktop/Atlas Radio v1.0/Atlas Radio v1.0/Resources/Stations/BE.json,be-vrt-radio-1,VRT Radio 1,http://icecast.vrtcdn.be/radio1-high.mp3,https://vrt.streamabc.net/vrt-radio1-mp3-128-9751183?sABC=69n73501%230%23463o13263909n6429nr612830ss6qr52%23&aw_0_1st.playerid=&amsparams=playerid:;skey:1772565761,upgraded,ok
/Users/norgik/Desktop/Atlas Radio v1.0/Atlas Radio v1.0/Resources/Stations/BE.json,be-tomorrowland-one-world-radio,Tomorrowland One World Radio,https://playerservices.streamtheworld.com/api/livestream-redirect/OWR_INTERNATIONAL_ADP.aac,https://playerservices.streamtheworld.com/api/livestream-redirect/OWR_INTERNATIONAL_ADP.aac,skipped,not_http
/Users/norgik/Desktop/Atlas Radio v1.0/Atlas Radio v1.0/Resources/Stations/BE.json,be-fun-radio,Fun Radio,https://funradiobe.ice.infomaniak.ch/funradiobe-high.mp3,https://funradiobe.ice.infomaniak.ch/funradiobe-high.mp3,skipped,not_http
/Users/norgik/Desktop/Atlas Radio v1.0/Atlas Radio v1.0/Resources/Stations/BE.json,be-nostalgie-80-s,Nostalgie 80's,https://playerservices.streamtheworld.com/api/livestream-redirect/NOSTALGIEWAF80.mp3,https://playerservices.streamtheworld.com/api/livestream-redirect/NOSTALGIEWAF80.mp3,skipped,not_http
/Users/norgik/Desktop/Atlas Radio v1.0/Atlas Radio v1.0/Resources/Stations/BE.json,be-klara,Klara,http://icecast.vrtcdn.be/klara-high.mp3,https://vrt.streamabc.net/vrt-klara-mp3-128-1558567?sABC=69n73503%230%23463o13263909n6429nr612830ss6qr52%23&aw_0_1st.playerid=&amsparams=playerid:;skey:1772565763,upgraded,ok
/Users/norgik/Desktop/Atlas Radio v1.0/Atlas Radio v1.0/Resources/Stations/BE.json,be-mnm,MNM,http://icecast.vrtcdn.be/mnm-high.mp3,https://vrt.streamabc.net/vrt-mnm-mp3-128-9205274?sABC=69n73504%230%23463o13263909n6429nr612830ss6qr52%23&aw_0_1st.playerid=&amsparams=playerid:;skey:1772565764,upgraded,ok
/Users/norgik/Desktop/Atlas Radio v1.0/Atlas Radio v1.0/Resources/Stations/BE.json,be-mnm-hits,MNM Hits,http://icecast.vrtcdn.be/mnm_hits-high.mp3,https://vrt.streamabc.net/vrt-mnmhits-mp3-128-4437998?sABC=69n73505%230%23463o13263909n6429nr612830ss6qr52%23&aw_0_1st.playerid=&amsparams=playerid:;skey:1772565765,upgraded,ok
/Users/norgik/Desktop/Atlas Radio v1.0/Atlas Radio v1.0/Resources/Stations/BE.json,be-instrumentals-forever,Instrumentals Forever,http://quincy.torontocast.com:1910/stream,https://quincy.torontocast.com:1910/stream,upgraded,ok
/Users/norgik/Desktop/Atlas Radio v1.0/Atlas Radio v1.0/Resources/Stations/BE.json,be-classic21,Classic21,http://radios.rtbf.be/classic21-128.mp3,https://redbeemedia.streamabc.net/redbm-classic21-mp3-160-3491794?sABC=69n73506%230%23463o13263909n6429nr612830ss6qr52%23ei&aw_0_1st.playerid=rv&amsparams=playerid:rv;skey:1772565766,upgraded,ok
/Users/norgik/Desktop/Atlas Radio v1.0/Atlas Radio v1.0/Resources/Stations/BE.json,be-nrj-belgi,NRJ België,https://playerservices.streamtheworld.com/api/livestream-redirect/NRJBELGIE.mp3?dist=radiobrowser,https://playerservices.streamtheworld.com/api/livestream-redirect/NRJBELGIE.mp3?dist=radiobrowser,skipped,not_http
/Users/norgik/Desktop/Atlas Radio v1.0/Atlas Radio v1.0/Resources/Stations/BE.json,be-pure-fm,Pure (FM),https://radios.rtbf.be/pure-128.mp3,https://radios.rtbf.be/pure-128.mp3,skipped,not_http
/Users/norgik/Desktop/Atlas Radio v1.0/Atlas Radio v1.0/Resources/Stations/BE.json,be-klara-continuo,Klara Continuo,http://icecast.vrtcdn.be/klaracontinuo-high.mp3,https://vrt.streamabc.net/vrt-klaracontinuo-mp3-128-6851541?sABC=69n73507%230%23463o13263909n6429nr612830ss6qr52%23&aw_0_1st.playerid=&amsparams=playerid:;skey:1772565767,upgraded,ok
/Users/norgik/Desktop/Atlas Radio v1.0/Atlas Radio v1.0/Resources/Stations/BE.json,be-mynoise-pure-nature,MyNoise Pure Nature,https://purenature-mynoise.radioca.st/stream,https://purenature-mynoise.radioca.st/stream,skipped,not_http
/Users/norgik/Desktop/Atlas Radio v1.0/Atlas Radio v1.0/Resources/Stations/BE.json,be-top-radio-retro,top radio retro,https://str.topradio.be/topradioretroarena.mp3,https://str.topradio.be/topradioretroarena.mp3,skipped,not_http
/Users/norgik/Desktop/Atlas Radio v1.0/Atlas Radio v1.0/Resources/Stations/BE.json,be-rtbf-vivacit-bruxelles,RTBF VivaCité Bruxelles,https://radios.rtbf.be/vivabxl-64.aac,https://radios.rtbf.be/vivabxl-64.aac,skipped,not_http
/Users/norgik/Desktop/Atlas Radio v1.0/Atlas Radio v1.0/Resources/Stations/BG.json,bg-radio-1-bulgaria,Radio 1 (Bulgaria),http://149.13.0.81/radio1.ogg,http://149.13.0.81/radio1.ogg,failed,ssl_error
/Users/norgik/Desktop/Atlas Radio v1.0/Atlas Radio v1.0/Resources/Stations/BG.json,bg-energy-nrj-bulgaria,Energy NRJ Bulgaria,http://play.global.audio/nrj128,https://play.global.audio/nrj128,upgraded,ok
/Users/norgik/Desktop/Atlas Radio v1.0/Atlas Radio v1.0/Resources/Stations/BG.json,bg-station,БНР Хоризонт,http://stream.bnr.bg:8011/horizont.aac,http://stream.bnr.bg:8011/horizont.aac,failed,exception:ConnectionError
/Users/norgik/Desktop/Atlas Radio v1.0/Atlas Radio v1.0/Resources/Stations/BG.json,bg-bg-radio,BG Radio,http://stream.radioreklama.bg/bgradio128,http://stream.radioreklama.bg/bgradio128,failed,ssl_error
/Users/norgik/Desktop/Atlas Radio v1.0/Atlas Radio v1.0/Resources/Stations/BG.json,bg-bg-estrada,BG Estrada,https://play.global.audio/bgestrada,https://play.global.audio/bgestrada,skipped,not_http
/Users/norgik/Desktop/Atlas Radio v1.0/Atlas Radio v1.0/Resources/Stations/BG.json,bg-radio-1-rock,Radio 1 Rock,http://stream.metacast.eu/radio1rock.ogg,http://stream.metacast.eu/radio1rock.ogg,failed,ssl_error
/Users/norgik/Desktop/Atlas Radio v1.0/Atlas Radio v1.0/Resources/Stations/BG.json,bg-veronika,Veronika,http://stream.metacast.eu/veronika.ogg,http://stream.metacast.eu/veronika.ogg,failed,ssl_error
/Users/norgik/Desktop/Atlas Radio v1.0/Atlas Radio v1.0/Resources/Stations/BG.json,bg-radio-1-1,Radio 1 радио 1 класическите хитове,http://stream.radioreklama.bg/radio164,http://stream.radioreklama.bg/radio164,failed,ssl_error
/Users/norgik/Desktop/Atlas Radio v1.0/Atlas Radio v1.0/Resources/Stations/BG.json,bg-nova-news,Nova News,http://stream.radioreklama.bg/novanews.aac,http://stream.radioreklama.bg/novanews.aac,failed,ssl_error
/Users/norgik/Desktop/Atlas Radio v1.0/Atlas Radio v1.0/Resources/Stations/BG.json,bg-fresh,Fresh!,http://193.108.24.21:8000/fresh,http://193.108.24.21:8000/fresh,failed,timeout
/Users/norgik/Desktop/Atlas Radio v1.0/Atlas Radio v1.0/Resources/Stations/BG.json,bg-nova,Nova,http://stream.metacast.eu/nova.ogg,http://stream.metacast.eu/nova.ogg,failed,ssl_error
/Users/norgik/Desktop/Atlas Radio v1.0/Atlas Radio v1.0/Resources/Stations/BG.json,bg-station-1,Авторадио,http://play.global.audio/avtoradio.opus,https://play.global.audio/avtoradio.opus,upgraded,ok
/Users/norgik/Desktop/Atlas Radio v1.0/Atlas Radio v1.0/Resources/Stations/BG.json,bg-maya-varna,Maya Varna,http://rnmediagroup.com:10000/;,http://rnmediagroup.com:10000/;,failed,exception:ConnectionError
/Users/norgik/Desktop/Atlas Radio v1.0/Atlas Radio v1.0/Resources/Stations/BG.json,bg-station-2,Радио Пияника,http://mpc1.mediacp.eu:8024/;,http://mpc1.mediacp.eu:8024/;,failed,exception:ConnectionError
/Users/norgik/Desktop/Atlas Radio v1.0/Atlas Radio v1.0/Resources/Stations/BG.json,bg-energy-nrj-bulgaria-90s-only-ogg,Energy NRJ Bulgaria 90s Only (ogg),http://play.global.audio/energy-90s.ogg,https://play.global.audio/energy-90s.ogg,upgraded,ok
/Users/norgik/Desktop/Atlas Radio v1.0/Atlas Radio v1.0/Resources/Stations/BG.json,bg-city-bulgaria,City Bulgaria,http://31.13.223.148:8000/city.mp3,http://31.13.223.148:8000/city.mp3,failed,timeout
/Users/norgik/Desktop/Atlas Radio v1.0/Atlas Radio v1.0/Resources/Stations/BG.json,bg-energy-nrj-bulgaria-90s-only,Energy NRJ Bulgaria 90s Only,http://play.global.audio/energy-90s,https://play.global.audio/energy-90s,upgraded,ok
/Users/norgik/Desktop/Atlas Radio v1.0/Atlas Radio v1.0/Resources/Stations/BG.json,bg-tangra-mega-rock,Tangra Mega Rock,http://stream-bg-01.radiotangra.com:8000/Tangra-high,http://stream-bg-01.radiotangra.com:8000/Tangra-high,failed,ssl_error
/Users/norgik/Desktop/Atlas Radio v1.0/Atlas Radio v1.0/Resources/Stations/BG.json,bg-fresh-bulgaria,Fresh Bulgaria,http://31.13.223.148:8000/fresh.mp3,http://31.13.223.148:8000/fresh.mp3,failed,timeout
/Users/norgik/Desktop/Atlas Radio v1.0/Atlas Radio v1.0/Resources/Stations/BG.json,bg-station-3,БНР Христо Ботев,http://stream.bnr.bg:8012/hristo-botev.aac,http://stream.bnr.bg:8012/hristo-botev.aac,failed,exception:ConnectionError
/Users/norgik/Desktop/Atlas Radio v1.0/Atlas Radio v1.0/Resources/Stations/BR.json,br-antena-1-s-o-paulo-sp-zyd823-94-7-mhz-fm-aac,"Antena 1 São Paulo, SP (ZYD823 94,7 MHz FM) [aac]",http://antena1.newradio.it/stream?ext=.mp3,http://antena1.newradio.it/stream?ext=.mp3,failed,exception:ConnectionError
/Users/norgik/Desktop/Atlas Radio v1.0/Atlas Radio v1.0/Resources/Stations/BR.json,br-r-dio-flashback-fm,Rádio Flashback Fm,http://hd.matutos.com.br:8008/;stream.mp3,http://hd.matutos.com.br:8008/;stream.mp3,failed,ssl_error
/Users/norgik/Desktop/Atlas Radio v1.0/Atlas Radio v1.0/Resources/Stations/BR.json,br-antena-1-fm-94-7-s-o-paulo,Antena 1 FM 94.7 São Paulo,http://antena1.newradio.it/stream,http://antena1.newradio.it/stream,failed,exception:ConnectionError
/Users/norgik/Desktop/Atlas Radio v1.0/Atlas Radio v1.0/Resources/Stations/BR.json,br-antena-1-fm-103-7-rio-de-janeiro,Antena 1 FM 103.7 Rio de Janeiro,http://a1rj.streams.com.br:7801/stream,http://a1rj.streams.com.br:7801/stream,failed,ssl_error
/Users/norgik/Desktop/Atlas Radio v1.0/Atlas Radio v1.0/Resources/Stations/BR.json,br-r-dio-bossa-nova-brazil,Rádio Bossa Nova Brazil,http://54.38.43.201:8009/stream-128kmp3-BossaNovaBrazil,http://54.38.43.201:8009/stream-128kmp3-BossaNovaBrazil,failed,ssl_error
/Users/norgik/Desktop/Atlas Radio v1.0/Atlas Radio v1.0/Resources/Stations/BR.json,br-r-dio-saudade-fm-99-7,Rádio Saudade FM 99.7,https://playerservices.streamtheworld.com/api/livestream-redirect/SAUDADE_FMAAC.aac,https://playerservices.streamtheworld.com/api/livestream-redirect/SAUDADE_FMAAC.aac,skipped,not_http
/Users/norgik/Desktop/Atlas Radio v1.0/Atlas Radio v1.0/Resources/Stations/BR.json,br-r-dio-disco-funk-br,Rádio Disco Funk BR,http://streaming12.hstbr.net:8084/live,http://streaming12.hstbr.net:8084/live,failed,ssl_error
/Users/norgik/Desktop/Atlas Radio v1.0/Atlas Radio v1.0/Resources/Stations/BR.json,br-m-quina-do-tempo-internacional,Máquina do Tempo (Internacional),http://servidor28.brlogic.com:8212/live,https://servidor28.brlogic.com:8212/live,upgraded,ok
/Users/norgik/Desktop/Atlas Radio v1.0/Atlas Radio v1.0/Resources/Stations/BR.json,br-m-quina-do-tempo-mpb-brasil,Máquina do Tempo (MPB Brasil),http://servidor28.brlogic.com:8032/live,https://servidor28.brlogic.com:8032/live,upgraded,ok
/Users/norgik/Desktop/Atlas Radio v1.0/Atlas Radio v1.0/Resources/Stations/BR.json,br-bossa-jazz-brasil,Bossa Jazz Brasil,https://centova5.transmissaodigital.com:20104/live,https://centova5.transmissaodigital.com:20104/live,skipped,not_http
/Users/norgik/Desktop/Atlas Radio v1.0/Atlas Radio v1.0/Resources/Stations/BR.json,br-jb-fm,JB FM,http://26663.live.streamtheworld.com:3690/JBFMAAC_SC,http://26663.live.streamtheworld.com:3690/JBFMAAC_SC,failed,timeout
/Users/norgik/Desktop/Atlas Radio v1.0/Atlas Radio v1.0/Resources/Stations/BR.json,br-bons-tempos-fm,Bons Tempos FM,https://server02.ouvir.radio.br:8050/stream?1609720768800,https://server02.ouvir.radio.br:8050/stream?1609720768800,skipped,not_http
/Users/norgik/Desktop/Atlas Radio v1.0/Atlas Radio v1.0/Resources/Stations/BR.json,br-antena-1-rio-de-janeiro-rj-zyd-463-103-7-mhz-fm,"Antena 1 Rio de Janeiro, RJ (ZYD 463, 103,7 MHz FM)",http://a1rj.streams.com.br:7801/sm,http://a1rj.streams.com.br:7801/sm,failed,ssl_error
/Users/norgik/Desktop/Atlas Radio v1.0/Atlas Radio v1.0/Resources/Stations/BR.json,br-89-a-radio-rock,89 A Radio Rock,https://playerservices.streamtheworld.com/api/livestream-redirect/RADIO_89FM_ADP.aac?dist=site-89fm,https://playerservices.streamtheworld.com/api/livestream-redirect/RADIO_89FM_ADP.aac?dist=site-89fm,skipped,not_http
/Users/norgik/Desktop/Atlas Radio v1.0/Atlas Radio v1.0/Resources/Stations/BR.json,br-r-dio-bandeirantes-s-o-paulo,Rádio Bandeirantes - São Paulo,https://playerservices.streamtheworld.com/api/livestream-redirect/RadioBandeirantesAAC.m3u8,https://playerservices.streamtheworld.com/api/livestream-redirect/RadioBandeirantesAAC.m3u8,skipped,not_http
/Users/norgik/Desktop/Atlas Radio v1.0/Atlas Radio v1.0/Resources/Stations/BR.json,br-r-dio-cidade-rio-de-janeiro-102-9-fm-zyd462,Rádio Cidade - Rio de Janeiro - 102.9 FM - ZYD462,https://playerservices.streamtheworld.com/api/livestream-redirect/RADIOCIDADEAAC.aac,https://playerservices.streamtheworld.com/api/livestream-redirect/RADIOCIDADEAAC.aac,skipped,not_http
/Users/norgik/Desktop/Atlas Radio v1.0/Atlas Radio v1.0/Resources/Stations/BR.json,br-super-radio-tupi-96-5,Super Radio Tupi 96.5 ,https://8923.brasilstream.com.br/stream,https://8923.brasilstream.com.br/stream,skipped,not_http
/Users/norgik/Desktop/Atlas Radio v1.0/Atlas Radio v1.0/Resources/Stations/BR.json,br-smooth-jazz-lounge,Smooth Jazz Lounge,https://radio4.vip-radios.fm:18060/stream-128kmp3-SmoothJazzLounge,https://radio4.vip-radios.fm:18060/stream-128kmp3-SmoothJazzLounge,skipped,not_http
/Users/norgik/Desktop/Atlas Radio v1.0/Atlas Radio v1.0/Resources/Stations/BR.json,br-r-dio-transam-rica-hits-barreiras,Rádio Transamérica Hits (Barreiras),http://servidor39.brlogic.com:8146/live,https://servidor39.brlogic.com:8146/live,upgraded,ok
/Users/norgik/Desktop/Atlas Radio v1.0/Atlas Radio v1.0/Resources/Stations/BR.json,br-radio-mix-fm,Radio Mix FM,https://playerservices.streamtheworld.com/api/livestream-redirect/MIXFM_SAOPAULOAAC.aac,https://playerservices.streamtheworld.com/api/livestream-redirect/MIXFM_SAOPAULOAAC.aac,skipped,not_http
/Users/norgik/Desktop/Atlas Radio v1.0/Atlas Radio v1.0/Resources/Stations/BY.json,by-fm,Юмор FM,http://live.humorfm.by:8000/veseloeradio,http://live.humorfm.by:8000/veseloeradio,failed,timeout
/Users/norgik/Desktop/Atlas Radio v1.0/Atlas Radio v1.0/Resources/Stations/BY.json,by-station,Новое радио,https://live.novoeradio.by:444/live/novoeradio_aac128/icecast.audio,https://live.novoeradio.by:444/live/novoeradio_aac128/icecast.audio,skipped,not_http
/Users/norgik/Desktop/Atlas Radio v1.0/Atlas Radio v1.0/Resources/Stations/BY.json,by-fm-1,РадиусFM,https://stream2.datacenter.by/radiusfm_main,https://stream2.datacenter.by/radiusfm_main,skipped,not_http
/Users/norgik/Desktop/Atlas Radio v1.0/Atlas Radio v1.0/Resources/Stations/BY.json,by-relax,Радыё Relax,http://live.humorfm.by:8000/radiorelax,http://live.humorfm.by:8000/radiorelax,failed,timeout
/Users/norgik/Desktop/Atlas Radio v1.0/Atlas Radio v1.0/Resources/Stations/BY.json,by-humor-fm-minsk,humor fm Minsk,http://live.humorfm.by:8000/veseloe,http://live.humorfm.by:8000/veseloe,failed,timeout
/Users/norgik/Desktop/Atlas Radio v1.0/Atlas Radio v1.0/Resources/Stations/BY.json,by-legendy-fm,Legendy FM,http://live.legendy.by:8000/legendyfm,http://live.legendy.by:8000/legendyfm,failed,timeout
/Users/norgik/Desktop/Atlas Radio v1.0/Atlas Radio v1.0/Resources/Stations/BY.json,by-top-non-stop,Новое радио - Top Non-Stop,https://live.novoeradio.by:444/live/novoeradio_TOP100_aac128/icecast.audio,https://live.novoeradio.by:444/live/novoeradio_TOP100_aac128/icecast.audio,skipped,not_http
/Users/norgik/Desktop/Atlas Radio v1.0/Atlas Radio v1.0/Resources/Stations/BY.json,by-104-8-fm,Радио Брест 104.8 Fm,http://178.124.131.35:8012/trkbrest,http://178.124.131.35:8012/trkbrest,failed,timeout
/Users/norgik/Desktop/Atlas Radio v1.0/Atlas Radio v1.0/Resources/Stations/BY.json,by-unistar,Unistar - Свежие Хиты,https://stream.unistar.by/unistar_top_internal/unistar_top/playlist.m3u8,https://stream.unistar.by/unistar_top_internal/unistar_top/playlist.m3u8,skipped,not_http
/Users/norgik/Desktop/Atlas Radio v1.0/Atlas Radio v1.0/Resources/Stations/BY.json,by-fm-2,Компас FM,https://radio.mil.by/live,https://radio.mil.by/live,skipped,not_http
/Users/norgik/Desktop/Atlas Radio v1.0/Atlas Radio v1.0/Resources/Stations/BY.json,by-station-1,Радыё Рацыя,http://air.racyja.com:8000/racja128,http://air.racyja.com:8000/racja128,failed,timeout
/Users/norgik/Desktop/Atlas Radio v1.0/Atlas Radio v1.0/Resources/Stations/BY.json,by-unistar-2000,Unistar - 2000-е,https://stream.unistar.by/unistar_best_internal/unistar_best/playlist.m3u8,https://stream.unistar.by/unistar_best_internal/unistar_best/playlist.m3u8,skipped,not_http
/Users/norgik/Desktop/Atlas Radio v1.0/Atlas Radio v1.0/Resources/Stations/BY.json,by-love-is-radio-belarus,Love Is Radio Belarus,https://myradio24.org/3355,https://myradio24.org/3355,skipped,not_http
/Users/norgik/Desktop/Atlas Radio v1.0/Atlas Radio v1.0/Resources/Stations/BY.json,by-aplus-one-aac-16-kb-s,"Aplus One (aac, 16 kb/s)",http://s.aplus.fm:9000/aplus_16.aac,http://s.aplus.fm:9000/aplus_16.aac,failed,timeout
/Users/norgik/Desktop/Atlas Radio v1.0/Atlas Radio v1.0/Resources/Stations/BY.json,by-megamix,Новое радио - MegaMix,https://live.novoeradio.by:444/live/novoeradio_megamix_aac128/icecast.audio,https://live.novoeradio.by:444/live/novoeradio_megamix_aac128/icecast.audio,skipped,not_http
/Users/norgik/Desktop/Atlas Radio v1.0/Atlas Radio v1.0/Resources/Stations/BY.json,by-96-2fm,Мелодии Века 96.2fm,https://radiorecord.hostingradio.ru/sd9096.aacp,https://radiorecord.hostingradio.ru/sd9096.aacp,skipped,not_http
/Users/norgik/Desktop/Atlas Radio v1.0/Atlas Radio v1.0/Resources/Stations/BY.json,by-87-9-fm,Народное радио Минск 87.9 FM,https://live.novoeradio.by:444/live/narodnoeradio_aac128/icecast.audio,https://live.novoeradio.by:444/live/narodnoeradio_aac128/icecast.audio,skipped,not_http
/Users/norgik/Desktop/Atlas Radio v1.0/Atlas Radio v1.0/Resources/Stations/BY.json,by-by,Еўрарадыё BY,http://stream1.euroradio.fm:8000/euroradio1,http://stream1.euroradio.fm:8000/euroradio1,failed,exception:ConnectionError
/Users/norgik/Desktop/Atlas Radio v1.0/Atlas Radio v1.0/Resources/Stations/BY.json,by-z-fm,Zефир FM,http://178.124.152.212:8008/Zefir,http://178.124.152.212:8008/Zefir,failed,timeout
/Users/norgik/Desktop/Atlas Radio v1.0/Atlas Radio v1.0/Resources/Stations/BY.json,by-lider-fm,Lider FM,https://icecast.lider-fm.by/liderfm,https://icecast.lider-fm.by/liderfm,skipped,not_http
/Users/norgik/Desktop/Atlas Radio v1.0/Atlas Radio v1.0/Resources/Stations/CA.json,ca-chronix-radio-metalcore,ChroniX Radio Metalcore,http://usa17.fastcast4u.com:5508/stream,http://usa17.fastcast4u.com:5508/stream,failed,exception:ConnectionError
/Users/norgik/Desktop/Atlas Radio v1.0/Atlas Radio v1.0/Resources/Stations/CA.json,ca-reggae-chill-cafe,REGGAE CHILL CAFE,https://maggie.torontocast.com:2020/stream/reggaechillcafe,https://maggie.torontocast.com:2020/stream/reggaechillcafe,skipped,not_http
/Users/norgik/Desktop/Atlas Radio v1.0/Atlas Radio v1.0/Resources/Stations/CA.json,ca-calm-radio-solo-piano,Calm Radio - Solo Piano,http://streams.calmradio.com:1228/,https://streams.calmradio.com:1228/,upgraded,ok
/Users/norgik/Desktop/Atlas Radio v1.0/Atlas Radio v1.0/Resources/Stations/CA.json,ca-680-news-toronto,680 News Toronto,https://rogers-hls.leanstream.co/rogers/tor680.stream/playlist.m3u8,https://rogers-hls.leanstream.co/rogers/tor680.stream/playlist.m3u8,skipped,not_http
/Users/norgik/Desktop/Atlas Radio v1.0/Atlas Radio v1.0/Resources/Stations/CA.json,ca-cfrb-news-talk-1010-toronto-on,"CFRB News/Talk 1010 (Toronto, ON)",http://22113.live.streamtheworld.com:3690/CFRBAMAAC_SC,http://22113.live.streamtheworld.com:3690/CFRBAMAAC_SC,failed,timeout
/Users/norgik/Desktop/Atlas Radio v1.0/Atlas Radio v1.0/Resources/Stations/CA.json,ca-ici-radio-canada-premi-re-montr-al,ICI Radio-Canada Première Montréal,https://rcavliveaudio.akamaized.net/hls/live/2006635/P-2QMTL0_MTL/playlist.m3u8,https://rcavliveaudio.akamaized.net/hls/live/2006635/P-2QMTL0_MTL/playlist.m3u8,skipped,not_http
/Users/norgik/Desktop/Atlas Radio v1.0/Atlas Radio v1.0/Resources/Stations/CA.json,ca-cbc-radio-1-toronto,CBC Radio 1 Toronto,https://cbcradiolive.akamaized.net/hls/live/2041036/ES_R1ETR/master.m3u8,https://cbcradiolive.akamaized.net/hls/live/2041036/ES_R1ETR/master.m3u8,skipped,not_http
/Users/norgik/Desktop/Atlas Radio v1.0/Atlas Radio v1.0/Resources/Stations/CA.json,ca-labgate-progressive-rock,Labgate - Progressive Rock,https://s2.ssl-stream.com/radio/8180/radio.mp3,https://s2.ssl-stream.com/radio/8180/radio.mp3,skipped,not_http
/Users/norgik/Desktop/Atlas Radio v1.0/Atlas Radio v1.0/Resources/Stations/CA.json,ca-100-greatest-of-the-80-s,100 GREATEST OF THE 80'S,https://maggie.torontocast.com:2020/stream/100greatestofthe80s,https://maggie.torontocast.com:2020/stream/100greatestofthe80s,skipped,not_http
/Users/norgik/Desktop/Atlas Radio v1.0/Atlas Radio v1.0/Resources/Stations/CA.json,ca-rdmix-classic-rock-70s-80s-90s, # RdMix Classic Rock 70s 80s 90s,https://cast1.torontocast.com:4610/stream,https://cast1.torontocast.com:4610/stream,skipped,not_http
/Users/norgik/Desktop/Atlas Radio v1.0/Atlas Radio v1.0/Resources/Stations/CA.json,ca-ctv-news-audio-channel,CTV News Audio Channel,http://18183.live.streamtheworld.com/TV_CTV_NEWSAAC_SC,https://18183.live.streamtheworld.com/TV_CTV_NEWSAAC_SC,upgraded,ok
/Users/norgik/Desktop/Atlas Radio v1.0/Atlas Radio v1.0/Resources/Stations/CA.json,ca-nature-radio-rain,Nature Radio Rain,https://maggie.torontocast.com:2020/stream/natureradiorain,https://maggie.torontocast.com:2020/stream/natureradiorain,skipped,not_http
/Users/norgik/Desktop/Atlas Radio v1.0/Atlas Radio v1.0/Resources/Stations/CA.json,ca-ancient-fm,Ancient FM,https://mediaserv73.live-streams.nl:18058/stream,https://mediaserv73.live-streams.nl:18058/stream,skipped,not_http
/Users/norgik/Desktop/Atlas Radio v1.0/Atlas Radio v1.0/Resources/Stations/CA.json,ca-70-80-90-vibrazioni-rock-radio,70 80 90 Vibrazioni Rock Radio,https://maggie.torontocast.com:2020/stream/vibrazionirockradio,https://maggie.torontocast.com:2020/stream/vibrazionirockradio,skipped,not_http
/Users/norgik/Desktop/Atlas Radio v1.0/Atlas Radio v1.0/Resources/Stations/CA.json,ca-radio-bluesflac,Radio BluesFlac,http://streams.radiomast.io/radioblues-flac,https://audio-edge-qse4n.yyz.g.radiomast.io/radioblues-flac,upgraded,ok
/Users/norgik/Desktop/Atlas Radio v1.0/Atlas Radio v1.0/Resources/Stations/CA.json,ca-choi-98-1-radio-x-quebec-city-qc,"CHOI 98.1 ""Radio X"" Quebec City, QC",http://icecast-choi.rncm.ca/choi.aac,http://icecast-choi.rncm.ca/choi.aac,failed,ssl_error
/Users/norgik/Desktop/Atlas Radio v1.0/Atlas Radio v1.0/Resources/Stations/CA.json,ca-100-greatest-heavy-metal,# 100 GREATEST HEAVY METAL,https://cast1.torontocast.com:4660/stream,https://cast1.torontocast.com:4660/stream,skipped,not_http
/Users/norgik/Desktop/Atlas Radio v1.0/Atlas Radio v1.0/Resources/Stations/CA.json,ca-80-s-new-wave-radio,80's New Wave Radio,https://puma.streemlion.com:2910/stream,https://puma.streemlion.com:2910/stream,skipped,not_http
/Users/norgik/Desktop/Atlas Radio v1.0/Atlas Radio v1.0/Resources/Stations/CA.json,ca-crucial-velocity-radio,Crucial Velocity Radio,http://ais-sa2.cdnstream1.com/1369_128,https://ais-sa2.cdnstream1.com/1369_128,upgraded,ok
/Users/norgik/Desktop/Atlas Radio v1.0/Atlas Radio v1.0/Resources/Stations/CA.json,ca-airport-lounge-radio,AIRPORT LOUNGE RADIO,https://az1.mediacp.eu/listen/airport-lounge-radio/radio.mp3,https://az1.mediacp.eu/listen/airport-lounge-radio/radio.mp3,skipped,not_http
/Users/norgik/Desktop/Atlas Radio v1.0/Atlas Radio v1.0/Resources/Stations/CH.json,ch-radio-swiss-jazz,Radio Swiss Jazz,http://stream.srg-ssr.ch/m/rsj/mp3_128,http://livestreaming-node-1.srg-ssr.ch/srgssr/rsj/mp3/128,upgraded,ok
/Users/norgik/Desktop/Atlas Radio v1.0/Atlas Radio v1.0/Resources/Stations/CH.json,ch-1-fm-deep-house-radio,1.FM - Deep House Radio,http://strm112.1.fm/deephouse_mobile_mp3,https://strm112.1.fm/deephouse_mobile_mp3,upgraded,ok
/Users/norgik/Desktop/Atlas Radio v1.0/Atlas Radio v1.0/Resources/Stations/CH.json,ch-1-fm-amsterdam-trance-radio,1.FM - Amsterdam Trance Radio,http://strm112.1.fm/atr_mobile_mp3,https://strm112.1.fm/atr_mobile_mp3,upgraded,ok
/Users/norgik/Desktop/Atlas Radio v1.0/Atlas Radio v1.0/Resources/Stations/CH.json,ch-1-fm-classic-rock-replay-radio,1.FM - Classic Rock Replay Radio,http://strm112.1.fm/crock_mobile_mp3,https://strm112.1.fm/crock_mobile_mp3,upgraded,ok
/Users/norgik/Desktop/Atlas Radio v1.0/Atlas Radio v1.0/Resources/Stations/CH.json,ch-1-fm-absolute-country-hits-radio,1.FM - Absolute Country Hits Radio,http://strm112.1.fm/acountry_mobile_mp3,https://strm112.1.fm/acountry_mobile_mp3,upgraded,ok
/Users/norgik/Desktop/Atlas Radio v1.0/Atlas Radio v1.0/Resources/Stations/CH.json,ch-1-fm-classic-country-radio,1.FM - Classic Country Radio,http://strm112.1.fm/ccountry_mobile_mp3,https://strm112.1.fm/ccountry_mobile_mp3,upgraded,ok
/Users/norgik/Desktop/Atlas Radio v1.0/Atlas Radio v1.0/Resources/Stations/CH.json,ch-1-fm-chillout-lounge-radio,1.FM - Chillout Lounge Radio,http://strm112.1.fm/chilloutlounge_mobile_mp3,https://strm112.1.fm/chilloutlounge_mobile_mp3,upgraded,ok
/Users/norgik/Desktop/Atlas Radio v1.0/Atlas Radio v1.0/Resources/Stations/CH.json,ch-1-fm-blues-radio,1.FM - Blues Radio,http://strm112.1.fm/blues_mobile_mp3,https://strm112.1.fm/blues_mobile_mp3,upgraded,ok
/Users/norgik/Desktop/Atlas Radio v1.0/Atlas Radio v1.0/Resources/Stations/CH.json,ch-radio-swiss-classic-german,Radio Swiss Classic German,http://stream.srg-ssr.ch/m/rsc_de/mp3_128,http://livestreaming-node-4.srg-ssr.ch/srgssr/rsc_de/mp3/128,upgraded,ok
/Users/norgik/Desktop/Atlas Radio v1.0/Atlas Radio v1.0/Resources/Stations/CH.json,ch-1-fm-rock-classics-radio,1.FM - Rock Classics Radio,http://strm112.1.fm/rockclassics_mobile_mp3,https://strm112.1.fm/rockclassics_mobile_mp3,upgraded,ok
/Users/norgik/Desktop/Atlas Radio v1.0/Atlas Radio v1.0/Resources/Stations/CH.json,ch-1-fm-cafe-radio,1.FM - Cafe Radio,http://strm112.1.fm/caferadio_mobile_mp3,https://strm112.1.fm/caferadio_mobile_mp3,upgraded,ok
/Users/norgik/Desktop/Atlas Radio v1.0/Atlas Radio v1.0/Resources/Stations/CH.json,ch-1-fm-bombay-beats-india-radio,1.FM - Bombay Beats India Radio,http://strm112.1.fm/bombaybeats_mobile_mp3,https://strm112.1.fm/bombaybeats_mobile_mp3,upgraded,ok
/Users/norgik/Desktop/Atlas Radio v1.0/Atlas Radio v1.0/Resources/Stations/CH.json,ch-1-fm-high-voltage-radio,1.FM - High Voltage Radio,http://strm112.1.fm/highvoltage_mobile_mp3,https://strm112.1.fm/highvoltage_mobile_mp3,upgraded,ok
/Users/norgik/Desktop/Atlas Radio v1.0/Atlas Radio v1.0/Resources/Stations/CH.json,ch-1-fm-deep-techno-deep-house,1.FM - Deep Techno & Deep House,http://strm112.1.fm/deeptech_mobile_mp3,https://strm112.1.fm/deeptech_mobile_mp3,upgraded,ok
/Users/norgik/Desktop/Atlas Radio v1.0/Atlas Radio v1.0/Resources/Stations/CH.json,ch-radio-swiss-pop,Radio Swiss Pop,http://stream.srg-ssr.ch/m/rsp/mp3_128,http://livestreaming-node-1.srg-ssr.ch/srgssr/rsp/mp3/128,upgraded,ok
/Users/norgik/Desktop/Atlas Radio v1.0/Atlas Radio v1.0/Resources/Stations/CH.json,ch-1-fm-alternative-rock-x-hits-radio,1.FM - Alternative Rock X Hits Radio,http://strm112.1.fm/x_mobile_mp3,https://strm112.1.fm/x_mobile_mp3,upgraded,ok
/Users/norgik/Desktop/Atlas Radio v1.0/Atlas Radio v1.0/Resources/Stations/CH.json,ch-srf-3,SRF 3,http://stream.srg-ssr.ch/m/drs3/mp3_128,http://livestreaming-node-2.srg-ssr.ch/srgssr/srf3/mp3/128,upgraded,ok
/Users/norgik/Desktop/Atlas Radio v1.0/Atlas Radio v1.0/Resources/Stations/CH.json,ch-1-fm-bay-smooth-jazz-radio,1.FM - Bay Smooth Jazz Radio,http://strm112.1.fm/smoothjazz_mobile_mp3,https://strm112.1.fm/smoothjazz_mobile_mp3,upgraded,ok
/Users/norgik/Desktop/Atlas Radio v1.0/Atlas Radio v1.0/Resources/Stations/CH.json,ch-1-fm-bom-psytrance-radio,1.FM - BOM Psytrance Radio,http://strm112.1.fm/psytrance_mobile_mp3,https://strm112.1.fm/psytrance_mobile_mp3,upgraded,ok
/Users/norgik/Desktop/Atlas Radio v1.0/Atlas Radio v1.0/Resources/Stations/CH.json,ch-srf-4-news,SRF 4 News,http://stream.srg-ssr.ch/m/drs4news/mp3_128,http://livestreaming-node-3.srg-ssr.ch/srgssr/srf4news/mp3/128,upgraded,ok
/Users/norgik/Desktop/Atlas Radio v1.0/Atlas Radio v1.0/Resources/Stations/CN.json,cn-500,华语金曲500首,http://ls.qingting.fm/live/3412131.m3u8?bitrate=64,https://ls.qingting.fm/live/3412131.m3u8?bitrate=64,upgraded,ok
/Users/norgik/Desktop/Atlas Radio v1.0/Atlas Radio v1.0/Resources/Stations/CN.json,cn-cctv-13,CCTV-13新闻伴音,https://piccpndali.v.myalicdn.com/audio/cctv13_2.m3u8,https://piccpndali.v.myalicdn.com/audio/cctv13_2.m3u8,skipped,not_http
/Users/norgik/Desktop/Atlas Radio v1.0/Atlas Radio v1.0/Resources/Stations/CN.json,cn-station,凤凰卫视资讯台,http://playtv-live.ifeng.com/live/06OLEEWQKN4_audio.m3u8,https://playtv-live.ifeng.com/live/06OLEEWQKN4_audio.m3u8,upgraded,ok
/Users/norgik/Desktop/Atlas Radio v1.0/Atlas Radio v1.0/Resources/Stations/CN.json,cn-cnr-1,CNR-1 中国之声,https://lhttp.qtfm.cn/live/15318317/64k.mp3,https://lhttp.qtfm.cn/live/15318317/64k.mp3,skipped,not_http
/Users/norgik/Desktop/Atlas Radio v1.0/Atlas Radio v1.0/Resources/Stations/CN.json,cn-station-1,怀集音乐之声,https://lhttp.qingting.fm/live/4804/64k.mp3,https://lhttp.qingting.fm/live/4804/64k.mp3,skipped,not_http
/Users/norgik/Desktop/Atlas Radio v1.0/Atlas Radio v1.0/Resources/Stations/CN.json,cn-cnr-2,CNR-2 经济之声,http://ngcdn002.cnr.cn/live/jjzs/index.m3u8,https://ngcdn002.cnr.cn/live/jjzs/index.m3u8,upgraded,ok
/Users/norgik/Desktop/Atlas Radio v1.0/Atlas Radio v1.0/Resources/Stations/CN.json,cn-station-2,凤凰卫视中文台,http://playtv-live.ifeng.com/live/06OLEGEGM4G_audio.m3u8,https://playtv-live.ifeng.com/live/06OLEGEGM4G_audio.m3u8,upgraded,ok
/Users/norgik/Desktop/Atlas Radio v1.0/Atlas Radio v1.0/Resources/Stations/CN.json,cn-station-3,国际新闻,https://lhttp.qtfm.cn/live/20500172/64k.mp3,https://lhttp.qtfm.cn/live/20500172/64k.mp3,skipped,not_http
/Users/norgik/Desktop/Atlas Radio v1.0/Atlas Radio v1.0/Resources/Stations/CN.json,cn-station-4,清晨音乐台,http://lhttp.qingting.fm/live/4915/64k.mp3,http://lhttp.qingting.fm/live/4915/64k.mp3,failed,http_error:400
/Users/norgik/Desktop/Atlas Radio v1.0/Atlas Radio v1.0/Resources/Stations/CN.json,cn-500-1,500首华语经典,https://lhttp.qtfm.cn/live/5022308/64k.mp3,https://lhttp.qtfm.cn/live/5022308/64k.mp3,skipped,not_http
/Users/norgik/Desktop/Atlas Radio v1.0/Atlas Radio v1.0/Resources/Stations/CN.json,cn-station-5,臺北電台,https://stream.ginnet.cloud/live0130lo-yfyo/_definst_/fm/playlist.m3u8,https://stream.ginnet.cloud/live0130lo-yfyo/_definst_/fm/playlist.m3u8,skipped,not_http
/Users/norgik/Desktop/Atlas Radio v1.0/Atlas Radio v1.0/Resources/Stations/CN.json,cn-80,80后音悦台,http://lhttp.qingting.fm/live/20207761/64k.mp3,http://lhttp.qingting.fm/live/20207761/64k.mp3,failed,http_error:400
/Users/norgik/Desktop/Atlas Radio v1.0/Atlas Radio v1.0/Resources/Stations/CN.json,cn-classical-fm-97-7,Classical 古典音樂台 FM 97.7,http://59.120.88.155:8000/live.mp3,http://59.120.88.155:8000/live.mp3,failed,timeout
/Users/norgik/Desktop/Atlas Radio v1.0/Atlas Radio v1.0/Resources/Stations/CN.json,cn-cri-cri-chinese-service,CRI中文环球广播·CRI chinese service,http://sk.cri.cn/hyhq.m3u8,https://sk.cri.cn/hyhq.m3u8,upgraded,ok
/Users/norgik/Desktop/Atlas Radio v1.0/Atlas Radio v1.0/Resources/Stations/CN.json,cn-station-6,中央廣播電台,https://streamak0138.akamaized.net/live0138lh-mbm9/_definst_/rti3/chunklist.m3u8,https://streamak0138.akamaized.net/live0138lh-mbm9/_definst_/rti3/chunklist.m3u8,skipped,not_http
/Users/norgik/Desktop/Atlas Radio v1.0/Atlas Radio v1.0/Resources/Stations/CN.json,cn-cri-china-plus-radio,CRI英语资讯广播 China Plus Radio,http://sk.cri.cn/am846.m3u8,https://sk.cri.cn/am846.m3u8,upgraded,ok
/Users/norgik/Desktop/Atlas Radio v1.0/Atlas Radio v1.0/Resources/Stations/CN.json,cn-cctv-4,CCTV-4中文国际伴音,https://piccpndali.v.myalicdn.com/audio/cctv4_2.m3u8,https://piccpndali.v.myalicdn.com/audio/cctv4_2.m3u8,skipped,not_http
/Users/norgik/Desktop/Atlas Radio v1.0/Atlas Radio v1.0/Resources/Stations/CN.json,cn-asiafm,AsiaFM高清音乐台,http://asiafm.hk:8000/asiahd,http://asiafm.hk:8000/asiahd,failed,timeout
/Users/norgik/Desktop/Atlas Radio v1.0/Atlas Radio v1.0/Resources/Stations/CN.json,cn-rthk-radio-1,RTHK Radio-1,http://stm.rthk.hk/radio1,http://stm.rthk.hk/radio1,failed,http_error:400
/Users/norgik/Desktop/Atlas Radio v1.0/Atlas Radio v1.0/Resources/Stations/CZ.json,cz-rfe-rl-radio-farda,RFE/RL Radio Farda,http://rfe21.akacast.akamaistream.net/7/751/437779/v1/ibb.akacast.akamaistream.net/rfe21,http://rfe21.akacast.akamaistream.net/7/751/437779/v1/ibb.akacast.akamaistream.net/rfe21,failed,http_error:400
/Users/norgik/Desktop/Atlas Radio v1.0/Atlas Radio v1.0/Resources/Stations/CZ.json,cz-radio-svoboda-rfe-rl-russian-ch-4,"Радио Свобода (Radio Svoboda, RFE/RL Russian, ch. 4)",http://rfe04.akacast.akamaistream.net/7/509/437762/v1/ibb.akacast.akamaistream.net/rfe04.m3u,http://rfe04.akacast.akamaistream.net/7/509/437762/v1/ibb.akacast.akamaistream.net/rfe04.m3u,failed,http_error:400
/Users/norgik/Desktop/Atlas Radio v1.0/Atlas Radio v1.0/Resources/Stations/CZ.json,cz-country-radio,Country Radio,http://icecast2.play.cz:8000/country128aac,http://icecast2.play.cz:8000/country128aac,failed,timeout
/Users/norgik/Desktop/Atlas Radio v1.0/Atlas Radio v1.0/Resources/Stations/CZ.json,cz-station,Радио Свобода,https://rfe-ingest.akamaized.net/hls/live/2035254/axia04/playlist.m3u8,https://rfe-ingest.akamaized.net/hls/live/2035254/axia04/playlist.m3u8,skipped,not_http
/Users/norgik/Desktop/Atlas Radio v1.0/Atlas Radio v1.0/Resources/Stations/CZ.json,cz-kiss-98-fm,Kiss 98 FM,http://icecast2.play.cz:8000/kiss128aac,http://icecast2.play.cz:8000/kiss128aac,failed,timeout
/Users/norgik/Desktop/Atlas Radio v1.0/Atlas Radio v1.0/Resources/Stations/CZ.json,cz-radio-beat,Radio Beat,http://icecast2.play.cz/radiobeat128.mp3,http://icecast2.play.cz/radiobeat128.mp3,failed,http_error:400
/Users/norgik/Desktop/Atlas Radio v1.0/Atlas Radio v1.0/Resources/Stations/CZ.json,cz-radio-as-rock,Radio Čas Rock,http://icecast6.play.cz/casrock128.mp3,http://icecast6.play.cz/casrock128.mp3,failed,http_error:400
/Users/norgik/Desktop/Atlas Radio v1.0/Atlas Radio v1.0/Resources/Stations/CZ.json,cz-r-dio-blan-k-iv,Rádio Blaník živé,http://ice.abradio.cz/blanikfm128.mp3,http://ice.abradio.cz/blanikfm128.mp3,failed,http_error:400
/Users/norgik/Desktop/Atlas Radio v1.0/Atlas Radio v1.0/Resources/Stations/CZ.json,cz-ro-radio-urn-l,ČRo Radiožurnál,http://icecast8.play.cz/cro1-128.mp3,http://icecast8.play.cz/cro1-128.mp3,failed,http_error:400
/Users/norgik/Desktop/Atlas Radio v1.0/Atlas Radio v1.0/Resources/Stations/CZ.json,cz-radio-humor,Radio Humor,http://mp3stream4.abradio.cz:8000/humor128.mp3,http://mp3stream4.abradio.cz:8000/humor128.mp3,failed,timeout
/Users/norgik/Desktop/Atlas Radio v1.0/Atlas Radio v1.0/Resources/Stations/CZ.json,cz-kiss-hady,Kiss Hady,http://icecast8.play.cz/kisshady128.mp3,http://icecast8.play.cz/kisshady128.mp3,failed,http_error:400
/Users/norgik/Desktop/Atlas Radio v1.0/Atlas Radio v1.0/Resources/Stations/CZ.json,cz-r-dio-blan-k-cz-webov-r-dio,Rádio Blaník CZ Webové rádio,http://ice.abradio.cz/blanikcz128.mp3,http://ice.abradio.cz/blanikcz128.mp3,failed,http_error:400
/Users/norgik/Desktop/Atlas Radio v1.0/Atlas Radio v1.0/Resources/Stations/CZ.json,cz-radio-rock,Radio ROCK,http://ice.abradio.cz/rockradio128.mp3,http://ice.abradio.cz/rockradio128.mp3,failed,http_error:400
/Users/norgik/Desktop/Atlas Radio v1.0/Atlas Radio v1.0/Resources/Stations/CZ.json,cz-ro-dvojka,ČRo Dvojka,http://icecast6.play.cz/cro2-128.mp3,http://icecast6.play.cz/cro2-128.mp3,failed,http_error:400
/Users/norgik/Desktop/Atlas Radio v1.0/Atlas Radio v1.0/Resources/Stations/CZ.json,cz-impuls-r-dio,Impuls Ráááádio,http://icecast5.play.cz/impuls128.mp3,http://icecast5.play.cz/impuls128.mp3,failed,http_error:400
/Users/norgik/Desktop/Atlas Radio v1.0/Atlas Radio v1.0/Resources/Stations/CZ.json,cz-hitr-dio-devades-tka,Hitrádio Devadesátka,http://ice.abradio.cz/hit90128.mp3,http://ice.abradio.cz/hit90128.mp3,failed,http_error:400
/Users/norgik/Desktop/Atlas Radio v1.0/Atlas Radio v1.0/Resources/Stations/CZ.json,cz-radio-kiss,Radio Kiss,http://icecast4.play.cz/kiss128.mp3,http://icecast4.play.cz/kiss128.mp3,failed,http_error:400
/Users/norgik/Desktop/Atlas Radio v1.0/Atlas Radio v1.0/Resources/Stations/CZ.json,cz-hit-r-dio-orion,HIT Rádio Orion,http://ice.abradio.cz/orion128.mp3,http://ice.abradio.cz/orion128.mp3,failed,http_error:400
/Users/norgik/Desktop/Atlas Radio v1.0/Atlas Radio v1.0/Resources/Stations/CZ.json,cz-station-1,Свобода,https://rfe-ingest.akamaized.net/hls/live/2035254/axia04/playlist.m3u8,https://rfe-ingest.akamaized.net/hls/live/2035254/axia04/playlist.m3u8,skipped,not_http
/Users/norgik/Desktop/Atlas Radio v1.0/Atlas Radio v1.0/Resources/Stations/CZ.json,cz-free-r-dio-107-0-fm-brno,"Free Rádio 107,0 FM Brno",http://icecast8.play.cz/freeradio128.mp3,http://icecast8.play.cz/freeradio128.mp3,failed,http_error:400
/Users/norgik/Desktop/Atlas Radio v1.0/Atlas Radio v1.0/Resources/Stations/DE.json,de-mangoradio,MANGORADIO,https://mangoradio.stream.laut.fm/mangoradio,https://mangoradio.stream.laut.fm/mangoradio,skipped,not_http
/Users/norgik/Desktop/Atlas Radio v1.0/Atlas Radio v1.0/Resources/Stations/DE.json,de-rock-antenne-heavy-metal,Rock Antenne - Heavy Metal,http://mp3channels.webradio.rockantenne.de/heavy-metal,https://s4-webradio.rockantenne.de/heavy-metal,upgraded,ok
/Users/norgik/Desktop/Atlas Radio v1.0/Atlas Radio v1.0/Resources/Stations/DE.json,de-1live,1LIVE,http://wdr-1live-live.icecast.wdr.de/wdr/1live/live/mp3/128/stream.mp3,https://d131.rndfnk.com/ard/wdr/1live/live/mp3/128/stream.mp3?cid=01FBRZTS1K1TCD4KA2YZ1ND8X3&sid=3ARquyiNH3gbRpfESfTCp4i9s1b&token=fOuLGsNf8HwdY0bz-Qmy99yipK8br0dlCTO42KxqJEY&tvf=iT_dtv1-mRhkMTMxLnJuZGZuay5jb20,upgraded,ok
/Users/norgik/Desktop/Atlas Radio v1.0/Atlas Radio v1.0/Resources/Stations/DE.json,de-80s80s,80s80s,http://streams.80s80s.de/web/mp3-192/streams.80s80s.de/,https://regiocast.streamabc.net/regc-80s80smweb2517500-mp3-192-1672667?sABC=69n735p5%230%23463o13263909n6429nr612830ss6qr52%23fgernzf.80f80f.qr&aw_0_1st.playerid=streams.80s80s.de&amsparams=playerid:streams.80s80s.de;skey:1772565957,upgraded,ok
/Users/norgik/Desktop/Atlas Radio v1.0/Atlas Radio v1.0/Resources/Stations/DE.json,de-sunshine-live-die-90er,Sunshine Live - Die 90er,http://stream.sunshine-live.de/90er/mp3-192/stream.sunshine-live.de,https://sunsl.streamabc.net/sunsl-90er-mp3-192-9697679?sABC=69n735p6%230%23463o13263909n6429nr612830ss6qr52%23fgernz.fhafuvar-yvir.qr&aw_0_1st.playerid=stream.sunshine-live.de&amsparams=playerid:stream.sunshine-live.de;skey:1772565958,upgraded,ok
/Users/norgik/Desktop/Atlas Radio v1.0/Atlas Radio v1.0/Resources/Stations/DE.json,de-90s90s-hits,90s90s Hits,http://streams.90s90s.de/pop/mp3-192/streams.90s90s.de/,https://regiocast.streamabc.net/regc-90s90spop4760822-mp3-192-9403761?sABC=69n735p7%230%23463o13263909n6429nr612830ss6qr52%23fgernzf.90f90f.qr&aw_0_1st.playerid=streams.90s90s.de&amsparams=playerid:streams.90s90s.de;skey:1772565959,upgraded,ok
/Users/norgik/Desktop/Atlas Radio v1.0/Atlas Radio v1.0/Resources/Stations/DE.json,de-90s90s-hiphop-rap,90s90s HipHop & Rap,http://streams.90s90s.de/hiphop/mp3-192/streams.90s90s.de/,https://regiocast.streamabc.net/regc-90s90shiphop9858510-mp3-192-3156332?sABC=69n735p8%230%23463o13263909n6429nr612830ss6qr52%23fgernzf.90f90f.qr&aw_0_1st.playerid=streams.90s90s.de&amsparams=playerid:streams.90s90s.de;skey:1772565960,upgraded,ok
/Users/norgik/Desktop/Atlas Radio v1.0/Atlas Radio v1.0/Resources/Stations/DE.json,de-rock-antenne,Rock Antenne,http://mp3channels.webradio.rockantenne.de/rockantenne,https://s2-webradio.rockantenne.de/rockantenne,upgraded,ok
/Users/norgik/Desktop/Atlas Radio v1.0/Atlas Radio v1.0/Resources/Stations/DE.json,de-wdr-5,WDR 5,http://wdr-wdr5-live.icecast.wdr.de/wdr/wdr5/live/mp3/128/stream.mp3,https://f121.rndfnk.com/ard/wdr/wdr5/live/mp3/128/ct/stream.mp3?cid=01FBS0E239W9R7GR1S5Q7RTQRC&sid=3ARqvVOrOReyfkBCA9m8nB3oVwK&token=yVCaRxrmEvybBJ2M0_b8lshBGTUZnnILR3jl6aFOxag&tvf=nAm75P5-mRhmMTIxLnJuZGZuay5jb20,upgraded,ok
/Users/norgik/Desktop/Atlas Radio v1.0/Atlas Radio v1.0/Resources/Stations/DE.json,de-antenne-bayern,Antenne Bayern,http://mp3channels.webradio.antenne.de/antenne,https://s8-webradio.antenne.de/antenne,upgraded,ok
/Users/norgik/Desktop/Atlas Radio v1.0/Atlas Radio v1.0/Resources/Stations/DE.json,de-trancebase-fm-aac-hd-256k,TranceBase.FM - AAC HD 256k,http://listen.trancebase.fm/tunein-aac-hd-pls,https://listener2.aachd.tb-group.fm:443/trb-hd.aac,upgraded,ok
/Users/norgik/Desktop/Atlas Radio v1.0/Atlas Radio v1.0/Resources/Stations/DE.json,de-technobase-fm,TechnoBase.FM,http://lw2.mp3.tb-group.fm/tb.mp3,http://lw2.mp3.tb-group.fm/tb.mp3,failed,ssl_error
/Users/norgik/Desktop/Atlas Radio v1.0/Atlas Radio v1.0/Resources/Stations/DE.json,de-sunshine-live-techno,Sunshine Live - Techno,http://stream.sunshine-live.de/techno/mp3-192/stream.sunshine-live.de/,https://sunsl.streamabc.net/sunsl-techno-mp3-192-4912904?sABC=69n735pp%230%23463o13263909n6429nr612830ss6qr52%23fgernz.fhafuvar-yvir.qr&aw_0_1st.playerid=stream.sunshine-live.de&amsparams=playerid:stream.sunshine-live.de;skey:1772565964,upgraded,ok
/Users/norgik/Desktop/Atlas Radio v1.0/Atlas Radio v1.0/Resources/Stations/DE.json,de-swr3,SWR3,https://liveradio.swr.de/sw282p3/swr3/play.mp3,https://liveradio.swr.de/sw282p3/swr3/play.mp3,skipped,not_http
/Users/norgik/Desktop/Atlas Radio v1.0/Atlas Radio v1.0/Resources/Stations/DE.json,de-sunshine-live,Sunshine Live,http://stream.sunshine-live.de/live/mp3-192/stream.sunshine-live.de/,https://sunsl.streamabc.net/sunsl-sslsimulcast-mp3-192-4434053?sABC=69n735pq%230%23463o13263909n6429nr612830ss6qr52%23fgernz.fhafuvar-yvir.qr&aw_0_1st.playerid=stream.sunshine-live.de&amsparams=playerid:stream.sunshine-live.de;skey:1772565965,upgraded,ok
/Users/norgik/Desktop/Atlas Radio v1.0/Atlas Radio v1.0/Resources/Stations/DE.json,de-0-n-classic-rock-on-radio,- 0 N - Classic Rock on Radio,https://0n-classicrock.radionetz.de/0n-classicrock.mp3,https://0n-classicrock.radionetz.de/0n-classicrock.mp3,skipped,not_http
/Users/norgik/Desktop/Atlas Radio v1.0/Atlas Radio v1.0/Resources/Stations/DE.json,de-antenne-bayern-chillout,Antenne Bayern - Chillout,http://mp3channels.webradio.antenne.de/chillout,https://s3-webradio.antenne.de/chillout,upgraded,ok
/Users/norgik/Desktop/Atlas Radio v1.0/Atlas Radio v1.0/Resources/Stations/DE.json,de-90s90s-dance-hq,90s90s Dance HQ,http://streams.90s90s.de/eurodance/mp3-192/radiode/,https://regiocast.streamabc.net/regc-90s90seurodance7558633-mp3-192-3419489?sABC=69n735ps%230%23463o13263909n6429nr612830ss6qr52%23enqvbqr&aw_0_1st.playerid=radiode&amsparams=playerid:radiode;skey:1772565967,upgraded,ok
/Users/norgik/Desktop/Atlas Radio v1.0/Atlas Radio v1.0/Resources/Stations/DE.json,de-radio-eins,Radio Eins,http://f121.rndfnk.com/ard/rbb/radioeins/live/mp3/128/stream.mp3?cid=01FC1WH12KJ93TCQPDSE2E5PZ9&sid=38HoeEhwMU9ZjQaArYLcNuLu9LN&token=VXH8C52tOJ6o_G5uLXexxjt84DXyHGfH0RABfQljedk&tvf=8PpblQ7uihhmMTIxLnJuZGZuay5jb20,https://f121.rndfnk.com/ard/rbb/radioeins/live/mp3/128/stream.mp3?cid=01FC1WH12KJ93TCQPDSE2E5PZ9&sid=38HoeEhwMU9ZjQaArYLcNuLu9LN&token=VXH8C52tOJ6o_G5uLXexxjt84DXyHGfH0RABfQljedk&tvf=8PpblQ7uihhmMTIxLnJuZGZuay5jb20,upgraded,ok
/Users/norgik/Desktop/Atlas Radio v1.0/Atlas Radio v1.0/Resources/Stations/DE.json,de-inforadio,Inforadio,http://dispatcher.rndfnk.com/rbb/inforadio/live/mp3/mid,https://f111.rndfnk.com/ard/rbb/inforadio/live/mp3/128/stream.mp3?cid=01FC1WYDPN76K6HSCD8QCR9D3S&sid=3ARqwOTg7efvRcarT9zXJfWfkud&token=tljYCRjRqrnMYI2kl1SCbAQkAhb1tyE2pWTFTy-wCqA&tvf=HaUjewB_mRhmMTExLnJuZGZuay5jb20,upgraded,ok
/Users/norgik/Desktop/Atlas Radio v1.0/Atlas Radio v1.0/Resources/Stations/EE.json,ee-rock-fm,Rock FM,https://edge02.cdn.bitflip.ee:8888/rck?_i=5f5ab186,https://edge02.cdn.bitflip.ee:8888/rck?_i=5f5ab186,skipped,not_http
/Users/norgik/Desktop/Atlas Radio v1.0/Atlas Radio v1.0/Resources/Stations/EE.json,ee-r2rock,R2Rock,http://icecast.err.ee/r2rock.opus,http://icecast.err.ee/r2rock.opus,failed,http_error:400
/Users/norgik/Desktop/Atlas Radio v1.0/Atlas Radio v1.0/Resources/Stations/EE.json,ee-finest-radio,FinEst Radio,https://shoutcast.finestfm.fi/stream/1/:80/;stream,https://shoutcast.finestfm.fi/stream/1/:80/;stream,skipped,not_http
/Users/norgik/Desktop/Atlas Radio v1.0/Atlas Radio v1.0/Resources/Stations/EE.json,ee-raadio-kuku,Raadio Kuku,https://le06.euddn.net/c609d0fe2c72e9cd5237bd29bd9df83655ffab5d1c823d610d7ba65586a9433d4680ee5ab2704d2a15e826688f7267bdcf1ab20c25f6a4027d431be03d4d08107068c83415cf662173818d566f11a6eb7e2d37b015d77c3826e05b56899004fb469967cad9b2aa9c24d1ef5ecf67c01b868e48619b6fbd2137d6299f134a78e3ba9210c4266bfcb3085ca9ee7e25eb89c8b83e72c58f081bc6aa9ae33c2b487bff81ba61fee769267c7b4818b209f23a/kuku_high.mp3,https://le06.euddn.net/c609d0fe2c72e9cd5237bd29bd9df83655ffab5d1c823d610d7ba65586a9433d4680ee5ab2704d2a15e826688f7267bdcf1ab20c25f6a4027d431be03d4d08107068c83415cf662173818d566f11a6eb7e2d37b015d77c3826e05b56899004fb469967cad9b2aa9c24d1ef5ecf67c01b868e48619b6fbd2137d6299f134a78e3ba9210c4266bfcb3085ca9ee7e25eb89c8b83e72c58f081bc6aa9ae33c2b487bff81ba61fee769267c7b4818b209f23a/kuku_high.mp3,skipped,not_http
/Users/norgik/Desktop/Atlas Radio v1.0/Atlas Radio v1.0/Resources/Stations/EE.json,ee-star-fm,Star Fm,https://ice.leviracloud.eu/star96-aac,https://ice.leviracloud.eu/star96-aac,skipped,not_http
/Users/norgik/Desktop/Atlas Radio v1.0/Atlas Radio v1.0/Resources/Stations/EE.json,ee-vikerraadio,Vikerraadio,http://icecast.err.ee/vikerraadio.mp3,http://icecast.err.ee/vikerraadio.mp3,failed,http_error:400
/Users/norgik/Desktop/Atlas Radio v1.0/Atlas Radio v1.0/Resources/Stations/EE.json,ee-raadio-elmar,Raadio Elmar,https://le06.euddn.net/06c6e9fec40c66f08e914c03863f9414453544f91420595482312a9fc4000bf6d1f2e38af14516a218d89b5a897a16f9500a64a80ed0da449f729d7f78de8bc5dcd07fb3a5925334697756f363102f773f78583b0e9c83bec1004f9b69bd211a11d59a39d295ac79d1f8c9848c83f83ffe16c9a65cb41f122ddcdc8c974c35a5f8d85b07cbd33b90325ddfd49b6a3e5666c05d27f019b6f1128741421b3d1e84/elmar.aac,https://le06.euddn.net/06c6e9fec40c66f08e914c03863f9414453544f91420595482312a9fc4000bf6d1f2e38af14516a218d89b5a897a16f9500a64a80ed0da449f729d7f78de8bc5dcd07fb3a5925334697756f363102f773f78583b0e9c83bec1004f9b69bd211a11d59a39d295ac79d1f8c9848c83f83ffe16c9a65cb41f122ddcdc8c974c35a5f8d85b07cbd33b90325ddfd49b6a3e5666c05d27f019b6f1128741421b3d1e84/elmar.aac,skipped,not_http
/Users/norgik/Desktop/Atlas Radio v1.0/Atlas Radio v1.0/Resources/Stations/EE.json,ee-err-raadio-4,ERR Raadio 4,http://icecast.err.ee/raadio4.mp3?type=.mp3/;stream.mp3,http://icecast.err.ee/raadio4.mp3?type=.mp3/;stream.mp3,failed,http_error:400
/Users/norgik/Desktop/Atlas Radio v1.0/Atlas Radio v1.0/Resources/Stations/EE.json,ee-sky-plus,Sky Plus,https://stream.skymedia.ee/live/SKYPLUS,https://stream.skymedia.ee/live/SKYPLUS,skipped,not_http
/Users/norgik/Desktop/Atlas Radio v1.0/Atlas Radio v1.0/Resources/Stations/EE.json,ee-retro-fm-estonia,Retro FM Estonia,https://edge02.cdn.bitflip.ee:8888/RETRO?_i=258f436b,https://edge02.cdn.bitflip.ee:8888/RETRO?_i=258f436b,skipped,not_http
/Users/norgik/Desktop/Atlas Radio v1.0/Atlas Radio v1.0/Resources/Stations/EE.json,ee-v-mba-fm,Võmba FM,https://c4.radioboss.fm:18123/stream,https://c4.radioboss.fm:18123/stream,skipped,not_http
/Users/norgik/Desktop/Atlas Radio v1.0/Atlas Radio v1.0/Resources/Stations/EE.json,ee-raadio-2-hq,Raadio 2 HQ,http://icecast.err.ee/raadio2korge.mp3,http://icecast.err.ee/raadio2korge.mp3,failed,http_error:400
/Users/norgik/Desktop/Atlas Radio v1.0/Atlas Radio v1.0/Resources/Stations/EE.json,ee-raadio-relax-international,Raadio Relax International,https://stream.relaxfm.ee/international,https://stream.relaxfm.ee/international,skipped,not_http
/Users/norgik/Desktop/Atlas Radio v1.0/Atlas Radio v1.0/Resources/Stations/EE.json,ee-raadio-relax-fm,Raadio Relax FM,https://stream.relaxfm.ee/relax,https://stream.relaxfm.ee/relax,skipped,not_http
/Users/norgik/Desktop/Atlas Radio v1.0/Atlas Radio v1.0/Resources/Stations/EE.json,ee-relax-cafe,Relax cafe,https://stream.relaxfm.ee/cafe,https://stream.relaxfm.ee/cafe,skipped,not_http
/Users/norgik/Desktop/Atlas Radio v1.0/Atlas Radio v1.0/Resources/Stations/EE.json,ee-sky-plus-dnb,Sky Plus DnB,https://edge03.cdn.bitflip.ee:8888/NRJdnb,https://edge03.cdn.bitflip.ee:8888/NRJdnb,skipped,not_http
/Users/norgik/Desktop/Atlas Radio v1.0/Atlas Radio v1.0/Resources/Stations/EE.json,ee-tre-raadio-ring-fm,Tre Raadio Ring FM,https://cdn.treraadio.ee/ringfm,https://cdn.treraadio.ee/ringfm,skipped,not_http
/Users/norgik/Desktop/Atlas Radio v1.0/Atlas Radio v1.0/Resources/Stations/EE.json,ee-raadio-tallinn,Raadio Tallinn,http://icecast.err.ee/raadiotallinn.mp3?type=.mp3/;stream.mp3,http://icecast.err.ee/raadiotallinn.mp3?type=.mp3/;stream.mp3,failed,http_error:400
/Users/norgik/Desktop/Atlas Radio v1.0/Atlas Radio v1.0/Resources/Stations/EE.json,ee-err-klassikaraadio,ERR Klassikaraadio,http://icecast.err.ee/klassikaraadio.mp3,http://icecast.err.ee/klassikaraadio.mp3,failed,http_error:400
/Users/norgik/Desktop/Atlas Radio v1.0/Atlas Radio v1.0/Resources/Stations/EE.json,ee-raadio-7,Raadio 7,https://edge05.cdn.bitflip.ee:8888/R7,https://edge05.cdn.bitflip.ee:8888/R7,skipped,not_http
/Users/norgik/Desktop/Atlas Radio v1.0/Atlas Radio v1.0/Resources/Stations/EG.json,eg-quran-cairo-radiojar-n12,إذاعة القرآن الكريم من القاهرة,https://stream.radiojar.com/8s5u5tpdtwzuv,https://stream.radiojar.com/8s5u5tpdtwzuv,skipped,not_http
/Users/norgik/Desktop/Atlas Radio v1.0/Atlas Radio v1.0/Resources/Stations/EG.json,eg-quran-radiojar-0tpy1h0kxtzuv,إذاعة القرآن الكريم,https://stream.radiojar.com/0tpy1h0kxtzuv,https://stream.radiojar.com/0tpy1h0kxtzuv,skipped,not_http
/Users/norgik/Desktop/Atlas Radio v1.0/Atlas Radio v1.0/Resources/Stations/EG.json,eg-radio-9090-mobtada-https,Radio 9090,https://9090streaming.mobtada.com/9090FMEGYPT,https://9090streaming.mobtada.com/9090FMEGYPT,skipped,not_http
/Users/norgik/Desktop/Atlas Radio v1.0/Atlas Radio v1.0/Resources/Stations/EG.json,eg-radio-9090-mobtada-http,Radio 9090 90.9,http://9090streaming.mobtada.com/9090FMEGYPT,http://9090streaming.mobtada.com/9090FMEGYPT,failed,http_error:400
/Users/norgik/Desktop/Atlas Radio v1.0/Atlas Radio v1.0/Resources/Stations/EG.json,eg-mishary-alafasi-qurango,إذاعة مشاري العفاسي,https://qurango.net/radio/mishary_alafasi,https://qurango.net/radio/mishary_alafasi,skipped,not_http
/Users/norgik/Desktop/Atlas Radio v1.0/Atlas Radio v1.0/Resources/Stations/EG.json,eg-alhussary-warsh-qurango,إذاعة محمود خليل الحصري,https://qurango.net/radio/mahmoud_khalil_alhussary_warsh,https://qurango.net/radio/mahmoud_khalil_alhussary_warsh,skipped,not_http
/Users/norgik/Desktop/Atlas Radio v1.0/Atlas Radio v1.0/Resources/Stations/EG.json,eg-nrj-egypt,NRJ EGYPT,http://nrjstreaming.ahmed-melege.com/nrjegypt,http://nrjstreaming.ahmed-melege.com/nrjegypt,failed,http_error:400
/Users/norgik/Desktop/Atlas Radio v1.0/Atlas Radio v1.0/Resources/Stations/EG.json,eg-nogoum-fm-zeno,Nogoum FM,https://stream-159.zeno.fm/qb1zvsykm98uv,https://stream-159.zeno.fm/qb1zvsykm98uv,skipped,not_http
/Users/norgik/Desktop/Atlas Radio v1.0/Atlas Radio v1.0/Resources/Stations/EG.json,eg-sha3by-fm-radioca,SHA3BY FM,https://radio95.radioca.st/,https://radio95.radioca.st/,skipped,not_http
/Users/norgik/Desktop/Atlas Radio v1.0/Atlas Radio v1.0/Resources/Stations/EG.json,eg-quran-cairo-radiojar-stream,إذاعة القرآن الكريم (القاهرة),https://stream.radiojar.com/8s5u5tpdtwzuv,https://stream.radiojar.com/8s5u5tpdtwzuv,skipped,not_http
/Users/norgik/Desktop/Atlas Radio v1.0/Atlas Radio v1.0/Resources/Stations/ES.json,es-cadena-100,Cadena 100,http://cadena100-streamers-mp3.flumotion.com/cope/cadena100.mp3,http://cadena100-streamers-mp3.flumotion.com/cope/cadena100.mp3,failed,http_error:400
/Users/norgik/Desktop/Atlas Radio v1.0/Atlas Radio v1.0/Resources/Stations/ES.json,es-ibiza-global-radio,Ibiza Global Radio,http://ibizaglobalradio.streaming-pro.com:8024/,http://ibizaglobalradio.streaming-pro.com:8024/,failed,ssl_error
/Users/norgik/Desktop/Atlas Radio v1.0/Atlas Radio v1.0/Resources/Stations/ES.json,es-los-40-principales-espa-a,LOS 40 Principales España,https://playerservices.streamtheworld.com/api/livestream-redirect/Los40.mp3,https://playerservices.streamtheworld.com/api/livestream-redirect/Los40.mp3,skipped,not_http
/Users/norgik/Desktop/Atlas Radio v1.0/Atlas Radio v1.0/Resources/Stations/ES.json,es-chocolate-fm,Chocolate FM,http://streaming5.elitecomunicacion.es:8082/live.mp3,http://streaming5.elitecomunicacion.es:8082/live.mp3,failed,ssl_error
/Users/norgik/Desktop/Atlas Radio v1.0/Atlas Radio v1.0/Resources/Stations/ES.json,es-cadena-ser-espa-a,Cadena SER España,http://playerservices.streamtheworld.com/api/livestream-redirect/CADENASER.mp3,https://20043.live.streamtheworld.com:443/CADENASER.mp3,upgraded,ok
/Users/norgik/Desktop/Atlas Radio v1.0/Atlas Radio v1.0/Resources/Stations/ES.json,es-1000-hits-80s,1000 HITS 80s,http://c2.auracast.net:8048/stream,http://c2.auracast.net:8048/stream,failed,ssl_error
/Users/norgik/Desktop/Atlas Radio v1.0/Atlas Radio v1.0/Resources/Stations/ES.json,es-rock-fm,Rock FM,http://flucast31-h-cloud.flumotion.com/cope/rockfm-low.mp3,http://flucast31-h-cloud.flumotion.com/cope/rockfm-low.mp3,failed,exception:ConnectionError
/Users/norgik/Desktop/Atlas Radio v1.0/Atlas Radio v1.0/Resources/Stations/ES.json,es-80-exitos,_80 EXITOS,https://80sexitos.stream.laut.fm/80sexitos,https://80sexitos.stream.laut.fm/80sexitos,skipped,not_http
/Users/norgik/Desktop/Atlas Radio v1.0/Atlas Radio v1.0/Resources/Stations/ES.json,es-los-40-urban,Los 40 Urban,https://playerservices.streamtheworld.com/api/livestream-redirect/LOS40_URBAN.mp3,https://playerservices.streamtheworld.com/api/livestream-redirect/LOS40_URBAN.mp3,skipped,not_http
/Users/norgik/Desktop/Atlas Radio v1.0/Atlas Radio v1.0/Resources/Stations/ES.json,es-esradio,esRadio,http://livestreaming.esradio.fm/stream64.mp3,http://livestreaming.esradio.fm/stream64.mp3,failed,exception:ConnectionError
/Users/norgik/Desktop/Atlas Radio v1.0/Atlas Radio v1.0/Resources/Stations/ES.json,es-los-40-dance,Los 40 Dance,http://playerservices.streamtheworld.com/api/livestream-redirect/LOS40_DANCE_SC,https://21633.live.streamtheworld.com:443/LOS40_DANCE_SC,upgraded,ok
/Users/norgik/Desktop/Atlas Radio v1.0/Atlas Radio v1.0/Resources/Stations/ES.json,es-pure-ibiza-radio,Pure Ibiza Radio,https://pureibizaradio.clubbingradios.com:9518/PureIbizaRadio,https://pureibizaradio.clubbingradios.com:9518/PureIbizaRadio,skipped,not_http
/Users/norgik/Desktop/Atlas Radio v1.0/Atlas Radio v1.0/Resources/Stations/ES.json,es-radio-marca,Radio Marca,https://sonic.mediatelekom.net/9316/stream,https://sonic.mediatelekom.net/9316/stream,skipped,not_http
/Users/norgik/Desktop/Atlas Radio v1.0/Atlas Radio v1.0/Resources/Stations/ES.json,es-chocolate-fm-calidad-m-vil-low-bandwidth,Chocolate FM [calidad móvil-low bandwidth],http://streaming5.elitecomunicacion.es:8082/live32.aac,http://streaming5.elitecomunicacion.es:8082/live32.aac,failed,ssl_error
/Users/norgik/Desktop/Atlas Radio v1.0/Atlas Radio v1.0/Resources/Stations/ES.json,es-cadena-dial,Cadena Dial,http://playerservices.streamtheworld.com/api/livestream-redirect/CADENADIAL.mp3,https://22593.live.streamtheworld.com:443/CADENADIAL.mp3,upgraded,ok
/Users/norgik/Desktop/Atlas Radio v1.0/Atlas Radio v1.0/Resources/Stations/ES.json,es-cadena-ser-radio-madrid,Cadena SER Radio MADRID,http://server7.20comunicacion.com:8040/,http://server7.20comunicacion.com:8040/,failed,ssl_error
/Users/norgik/Desktop/Atlas Radio v1.0/Atlas Radio v1.0/Resources/Stations/ES.json,es-costa-del-mar-chillout-aac-96kbps,Costa Del Mar - Chillout (AAC 96kbps),http://stream.cdm-chillout.com:8020/stream-AAC-Chill,http://stream.cdm-chillout.com:8020/stream-AAC-Chill,failed,ssl_error
/Users/norgik/Desktop/Atlas Radio v1.0/Atlas Radio v1.0/Resources/Stations/ES.json,es-caf-del-mar,Café del Mar,https://streams.radio.co/se1a320b47/listen,https://streams.radio.co/se1a320b47/listen,skipped,not_http
/Users/norgik/Desktop/Atlas Radio v1.0/Atlas Radio v1.0/Resources/Stations/ES.json,es-megastarfm,MegaStarFM,http://flucast-bl05.flumotion.com/cope/megastar.mp3,http://flucast-bl05.flumotion.com/cope/megastar.mp3,failed,http_error:400
/Users/norgik/Desktop/Atlas Radio v1.0/Atlas Radio v1.0/Resources/Stations/ES.json,es-absolute-chillout,Absolute Chillout,http://edge4.peta.live365.net/b05055_128mp3,https://edge4.peta.live365.net/b05055_128mp3,upgraded,ok
/Users/norgik/Desktop/Atlas Radio v1.0/Atlas Radio v1.0/Resources/Stations/FI.json,rb-ab909bf6-16f9-4066-b000-9b0b1bb5cd9c,Tick Tock Radio - 1950,https://streaming.ticktock.radio/tt/1950/icecast.audio,https://streaming.ticktock.radio/tt/1950/icecast.audio,skipped,not_http
/Users/norgik/Desktop/Atlas Radio v1.0/Atlas Radio v1.0/Resources/Stations/FI.json,rb-942a812b-1fa2-4112-8a78-65e74bf67006,Ålands Radio,https://stream.alandsradio.ax/stream.ogg,https://stream.alandsradio.ax/stream.ogg,skipped,not_http
/Users/norgik/Desktop/Atlas Radio v1.0/Atlas Radio v1.0/Resources/Stations/FI.json,rb-2c794d05-0cc1-4dfa-be31-52c0ab2cc19d,Basso,https://stream-redirect.bauermedia.fi/basso/bassoradio_64.aac,https://stream-redirect.bauermedia.fi/basso/bassoradio_64.aac,skipped,not_http
/Users/norgik/Desktop/Atlas Radio v1.0/Atlas Radio v1.0/Resources/Stations/FI.json,rb-fed9a975-d67c-44d1-8591-f44208c196e3,Doubleclap Radio,https://s3.radio.co/scfd7273b2/listen,https://s3.radio.co/scfd7273b2/listen,skipped,not_http
/Users/norgik/Desktop/Atlas Radio v1.0/Atlas Radio v1.0/Resources/Stations/FI.json,rb-962c3bf0-0601-11e8-ae97-52543be04c81,Finest Fm,http://212.47.220.188:8000/listen.mp3,http://212.47.220.188:8000/listen.mp3,failed,exception:ConnectionError
/Users/norgik/Desktop/Atlas Radio v1.0/Atlas Radio v1.0/Resources/Stations/FI.json,rb-98f551af-b40b-4035-a9cb-a531320a45d9,Groove FM,https://aud-stream-groove.nm-elemental.nelonenmedia.fi/playlist.m3u8,https://aud-stream-groove.nm-elemental.nelonenmedia.fi/playlist.m3u8,skipped,not_http
/Users/norgik/Desktop/Atlas Radio v1.0/Atlas Radio v1.0/Resources/Stations/FI.json,rb-451e4f89-5318-4995-b3ab-b10610874f6b,Iskelmä,https://stream.bauermedia.fi/iskelma/iskelma_128.mp3,https://stream.bauermedia.fi/iskelma/iskelma_128.mp3,skipped,not_http
/Users/norgik/Desktop/Atlas Radio v1.0/Atlas Radio v1.0/Resources/Stations/FI.json,rb-yle-r1-finland,Yle Radio 1,https://icecast.live.yle.fi/radio/YleRadio1Hifi/icecast.audio,https://icecast.live.yle.fi/radio/YleRadio1Hifi/icecast.audio,skipped,not_http
/Users/norgik/Desktop/Atlas Radio v1.0/Atlas Radio v1.0/Resources/Stations/FR.json,fr-france-info,France Info,http://direct.franceinfo.fr/live/franceinfo-midfi.mp3,https://icecast.radiofrance.fr/franceinfo-midfi.mp3,upgraded,ok
/Users/norgik/Desktop/Atlas Radio v1.0/Atlas Radio v1.0/Resources/Stations/FR.json,fr-rfi-afrique,RFI Afrique,http://live02.rfi.fr/rfiafrique-64.mp3,http://live02.rfi.fr/rfiafrique-64.mp3,failed,ssl_error
/Users/norgik/Desktop/Atlas Radio v1.0/Atlas Radio v1.0/Resources/Stations/FR.json,fr-rmc-fr,RMC FR,https://audio.bfmtv.com/rmcradio_128.mp3,https://audio.bfmtv.com/rmcradio_128.mp3,skipped,not_http
/Users/norgik/Desktop/Atlas Radio v1.0/Atlas Radio v1.0/Resources/Stations/FR.json,fr-jazz-radio-blues,Jazz Radio Blues,http://jazzblues.ice.infomaniak.ch/jazzblues-high.mp3,https://jazzblues.ice.infomaniak.ch/jazzblues-high.mp3,upgraded,ok
/Users/norgik/Desktop/Atlas Radio v1.0/Atlas Radio v1.0/Resources/Stations/FR.json,fr-france-inter,France Inter,http://direct.franceinter.fr/live/franceinter-hifi.aac,https://icecast.radiofrance.fr/franceinter-hifi.aac,upgraded,ok
/Users/norgik/Desktop/Atlas Radio v1.0/Atlas Radio v1.0/Resources/Stations/FR.json,fr-rfi-monde,RFI Monde,http://live02.rfi.fr/rfimonde-64.mp3,http://live02.rfi.fr/rfimonde-64.mp3,failed,ssl_error
/Users/norgik/Desktop/Atlas Radio v1.0/Atlas Radio v1.0/Resources/Stations/FR.json,fr-france-culture,France Culture,http://icecast.radiofrance.fr/franceculture-hifi.aac,https://icecast.radiofrance.fr/franceculture-hifi.aac,upgraded,ok
/Users/norgik/Desktop/Atlas Radio v1.0/Atlas Radio v1.0/Resources/Stations/FR.json,fr-rtl,RTL,http://streaming.radio.rtl.fr/rtl-1-44-128,https://streamer-04.rtl.fr/rtl-1-44-128,upgraded,ok
/Users/norgik/Desktop/Atlas Radio v1.0/Atlas Radio v1.0/Resources/Stations/FR.json,fr-rfi-afrique-1,RFI-Afrique,http://live02.rfi.fr/rfiafrique-96k.mp3,http://live02.rfi.fr/rfiafrique-96k.mp3,failed,ssl_error
/Users/norgik/Desktop/Atlas Radio v1.0/Atlas Radio v1.0/Resources/Stations/FR.json,fr-skyrock,Skyrock,http://icecast.skyrock.net/s/natio_mp3_128k,https://icecast.skyrock.net/s/natio_mp3_128k,upgraded,ok
/Users/norgik/Desktop/Atlas Radio v1.0/Atlas Radio v1.0/Resources/Stations/FR.json,fr-jazz-radio,Jazz Radio,http://jazzradio.ice.infomaniak.ch/jazzradio-high.mp3,https://jazzradio.ice.infomaniak.ch/jazzradio-high.mp3,upgraded,ok
/Users/norgik/Desktop/Atlas Radio v1.0/Atlas Radio v1.0/Resources/Stations/FR.json,fr-fip,FIP,http://icecast.radiofrance.fr/fip-hifi.aac,https://icecast.radiofrance.fr/fip-hifi.aac,upgraded,ok
/Users/norgik/Desktop/Atlas Radio v1.0/Atlas Radio v1.0/Resources/Stations/FR.json,fr-eurodance-90-radio,EuroDance 90 radio,https://stream-eurodance90.fr/radio/8000/128.mp3?1627933323,https://stream-eurodance90.fr/radio/8000/128.mp3?1627933323,skipped,not_http
/Users/norgik/Desktop/Atlas Radio v1.0/Atlas Radio v1.0/Resources/Stations/FR.json,fr-rtl2,RTL2,http://streaming.radio.rtl2.fr/rtl2-1-44-128,https://streamer-04.rtl.fr/rtl2-1-44-128,upgraded,ok
/Users/norgik/Desktop/Atlas Radio v1.0/Atlas Radio v1.0/Resources/Stations/FR.json,fr-100-radio-80,100% Radio 80,http://100radio-80.ice.infomaniak.ch/100radio-80-128.mp3,https://100radio-80.ice.infomaniak.ch/100radio-80-128.mp3,upgraded,ok
/Users/norgik/Desktop/Atlas Radio v1.0/Atlas Radio v1.0/Resources/Stations/FR.json,fr-radio-meuh,Radio Meuh,http://radiomeuh.ice.infomaniak.ch/radiomeuh-128.mp3,https://radiomeuh.ice.infomaniak.ch/radiomeuh-128.mp3,upgraded,ok
/Users/norgik/Desktop/Atlas Radio v1.0/Atlas Radio v1.0/Resources/Stations/FR.json,fr-la-grosse-radio-reggae,La Grosse Radio Reggae,http://hd.lagrosseradio.info/lagrosseradio-reggae-192.mp3,http://hd.lagrosseradio.info/lagrosseradio-reggae-192.mp3,failed,http_error:400
/Users/norgik/Desktop/Atlas Radio v1.0/Atlas Radio v1.0/Resources/Stations/FR.json,fr-radio-nova,Radio Nova,http://novazz.ice.infomaniak.ch/novazz-128.mp3,https://novazz.ice.infomaniak.ch/novazz-128.mp3,upgraded,ok
/Users/norgik/Desktop/Atlas Radio v1.0/Atlas Radio v1.0/Resources/Stations/GB.json,gb-bbc-world-service,BBC World Service,http://stream.live.vc.bbcmedia.co.uk/bbc_world_service,http://stream.live.vc.bbcmedia.co.uk/bbc_world_service,failed,http_error:400
/Users/norgik/Desktop/Atlas Radio v1.0/Atlas Radio v1.0/Resources/Stations/GB.json,gb-classic-fm-uk,Classic FM UK,http://ice-the.musicradio.com/ClassicFMMP3,https://ice-the.musicradio.com/ClassicFMMP3,upgraded,ok
/Users/norgik/Desktop/Atlas Radio v1.0/Atlas Radio v1.0/Resources/Stations/GB.json,gb-lbc-radio,LBC Radio,http://media-sov.musicradio.com/LBC973MP3Low,https://media-sov.musicradio.com/LBC973MP3Low,upgraded,ok
/Users/norgik/Desktop/Atlas Radio v1.0/Atlas Radio v1.0/Resources/Stations/GB.json,gb-radio-caroline,Radio Caroline,http://78.129.202.200:8040/;,http://78.129.202.200:8040/;,failed,exception:ConnectionError
/Users/norgik/Desktop/Atlas Radio v1.0/Atlas Radio v1.0/Resources/Stations/GB.json,gb-talksport,talkSPORT,http://radio.talksport.com/stream?aisGetOriginalStream=true,https://radio.talksport.com/stream?aisGetOriginalStream=true,upgraded,ok
/Users/norgik/Desktop/Atlas Radio v1.0/Atlas Radio v1.0/Resources/Stations/GB.json,gb-capital-fm-london,Capital FM London,http://media-ice.musicradio.com/CapitalMP3,https://media-ice.musicradio.com/CapitalMP3,upgraded,ok
/Users/norgik/Desktop/Atlas Radio v1.0/Atlas Radio v1.0/Resources/Stations/GB.json,gb-heart-london-106-2-mp3,Heart London 106.2 [MP3],http://ice-sov.musicradio.com/HeartLondonMP3,https://ice-sov.musicradio.com/HeartLondonMP3,upgraded,ok
/Users/norgik/Desktop/Atlas Radio v1.0/Atlas Radio v1.0/Resources/Stations/GB.json,gb-heart-80s,Heart 80s,https://media-ssl.musicradio.com/Heart80sMP3,https://media-ssl.musicradio.com/Heart80sMP3,skipped,not_http
/Users/norgik/Desktop/Atlas Radio v1.0/Atlas Radio v1.0/Resources/Stations/GB.json,gb-lbc-uk,LBC UK,http://media-ice.musicradio.com/LBCUK,https://media-ice.musicradio.com/LBCUK,upgraded,ok
/Users/norgik/Desktop/Atlas Radio v1.0/Atlas Radio v1.0/Resources/Stations/GB.json,gb-smooth-radio,Smooth Radio,http://media-the.musicradio.com/SmoothEastMids,https://media-the.musicradio.com/SmoothEastMids,upgraded,ok
/Users/norgik/Desktop/Atlas Radio v1.0/Atlas Radio v1.0/Resources/Stations/GB.json,gb-tmm-1,TMM 1,https://listen-msmn.sharp-stream.com/nme1.mp3,https://listen-msmn.sharp-stream.com/nme1.mp3,skipped,not_http
/Users/norgik/Desktop/Atlas Radio v1.0/Atlas Radio v1.0/Resources/Stations/GB.json,gb-virgin-radio-uk,Virgin Radio UK,http://radio.virginradio.co.uk/stream,https://virgin.live.stream.broadcasting.news/stream,upgraded,ok
/Users/norgik/Desktop/Atlas Radio v1.0/Atlas Radio v1.0/Resources/Stations/GB.json,gb-lbc-london-national-stream,LBC London (National stream),http://media-ice.musicradio.com/LBCUKMP3Low,https://media-ice.musicradio.com/LBCUKMP3Low,upgraded,ok
/Users/norgik/Desktop/Atlas Radio v1.0/Atlas Radio v1.0/Resources/Stations/GB.json,gb-heart-70s,Heart 70s,https://media-ssl.musicradio.com/Heart70sMP3,https://media-ssl.musicradio.com/Heart70sMP3,skipped,not_http
/Users/norgik/Desktop/Atlas Radio v1.0/Atlas Radio v1.0/Resources/Stations/GB.json,gb-talkradio,talkRADIO,http://radio.talkradio.co.uk/stream,https://talk.live.stream.broadcasting.news/stream,upgraded,ok
/Users/norgik/Desktop/Atlas Radio v1.0/Atlas Radio v1.0/Resources/Stations/GB.json,gb-gold,Gold,https://media-ssl.musicradio.com/GoldMP3,https://media-ssl.musicradio.com/GoldMP3,skipped,not_http
/Users/norgik/Desktop/Atlas Radio v1.0/Atlas Radio v1.0/Resources/Stations/GB.json,gb-retro-soul-radio,Retro Soul Radio,http://46.28.49.164:7504/stream,http://46.28.49.164:7504/stream,failed,timeout
/Users/norgik/Desktop/Atlas Radio v1.0/Atlas Radio v1.0/Resources/Stations/GB.json,gb-classic-fm,Classic FM,http://media-ice.musicradio.com/ClassicFMMP3,https://media-ice.musicradio.com/ClassicFMMP3,upgraded,ok
/Users/norgik/Desktop/Atlas Radio v1.0/Atlas Radio v1.0/Resources/Stations/GB.json,gb-smooth-chill,Smooth Chill,https://media-ssl.musicradio.com/ChillMP3,https://media-ssl.musicradio.com/ChillMP3,skipped,not_http
/Users/norgik/Desktop/Atlas Radio v1.0/Atlas Radio v1.0/Resources/Stations/GE.json,ge-radio-amra,Radio Amra,https://streamer.radio.co/s34b5469e0/listen,https://streamer.radio.co/s34b5469e0/listen,skipped,not_http
/Users/norgik/Desktop/Atlas Radio v1.0/Atlas Radio v1.0/Resources/Stations/GE.json,ge-tbilisi-fm-93-5,"Tbilisi FM 93,5",http://iis.ge:8000/radiotbilisi.mp3,http://iis.ge:8000/radiotbilisi.mp3,failed,timeout
/Users/norgik/Desktop/Atlas Radio v1.0/Atlas Radio v1.0/Resources/Stations/GE.json,ge-station,არდაიდარდო,https://tv.cdn.xsg.ge/cld9-0386/ardaidardo/tracks-a1/mono.m3u8,https://tv.cdn.xsg.ge/cld9-0386/ardaidardo/tracks-a1/mono.m3u8,skipped,not_http
/Users/norgik/Desktop/Atlas Radio v1.0/Atlas Radio v1.0/Resources/Stations/GE.json,ge-hereti-fm,Hereti FM,http://iis.ge:8000/hereti.mp3,http://iis.ge:8000/hereti.mp3,failed,timeout
/Users/norgik/Desktop/Atlas Radio v1.0/Atlas Radio v1.0/Resources/Stations/GE.json,ge-ar-daidardo,არ დაიდარდო (Ar Daidardo),https://tv.cdn.xsg.ge/cld9-0386/ardaidardo/tracks-a1/mono.m3u8,https://tv.cdn.xsg.ge/cld9-0386/ardaidardo/tracks-a1/mono.m3u8,skipped,not_http
/Users/norgik/Desktop/Atlas Radio v1.0/Atlas Radio v1.0/Resources/Stations/GE.json,ge-station-1,რადიო ჩვენებური,https://radio.cdn.xsg.ge/cld9-1050/chveneburi/index.m3u8,https://radio.cdn.xsg.ge/cld9-1050/chveneburi/index.m3u8,skipped,not_http
/Users/norgik/Desktop/Atlas Radio v1.0/Atlas Radio v1.0/Resources/Stations/GE.json,ge-radio-imedi,რადიო იმედი (Radio Imedi),https://tv.cdn.xsg.ge/radioimedi/stream01/shoutcast,https://tv.cdn.xsg.ge/radioimedi/stream01/shoutcast,skipped,not_http
/Users/norgik/Desktop/Atlas Radio v1.0/Atlas Radio v1.0/Resources/Stations/GE.json,ge-avtoradio,ავტორადიო (Avtoradio),https://tv.cdn.xsg.ge/cld9-0386/avtoradio/tracks-a1/mono.m3u8,https://tv.cdn.xsg.ge/cld9-0386/avtoradio/tracks-a1/mono.m3u8,skipped,not_http
/Users/norgik/Desktop/Atlas Radio v1.0/Atlas Radio v1.0/Resources/Stations/GE.json,ge-wvfj-93-3-102-1-the-joy-fm,WVFJ 93.3 & 102.1 The JOY FM,https://rtn.cdnstream1.com/2576_96.aac?rand=81562,https://rtn.cdnstream1.com/2576_96.aac?rand=81562,skipped,not_http
/Users/norgik/Desktop/Atlas Radio v1.0/Atlas Radio v1.0/Resources/Stations/GE.json,ge-radio-chveneburi,რადიო ჩევნებური (Radio Chveneburi),https://radio.cdn.xsg.ge/cld9-1050/chveneburi/tracks-a1/mono.m3u8,https://radio.cdn.xsg.ge/cld9-1050/chveneburi/tracks-a1/mono.m3u8,skipped,not_http
/Users/norgik/Desktop/Atlas Radio v1.0/Atlas Radio v1.0/Resources/Stations/GE.json,ge-marneuli-fm,Marneuli FM,http://stream.it-solutions.ge:8000/mp3-radiomarneulifm,http://stream.it-solutions.ge:8000/mp3-radiomarneulifm,failed,timeout
/Users/norgik/Desktop/Atlas Radio v1.0/Atlas Radio v1.0/Resources/Stations/GE.json,ge-radio-fortuna,რადიო ფორტუნა (Radio Fortuna),https://tv.cdn.xsg.ge/cld9-0386/fortuna/tracks-a1/mono.m3u8,https://tv.cdn.xsg.ge/cld9-0386/fortuna/tracks-a1/mono.m3u8,skipped,not_http
/Users/norgik/Desktop/Atlas Radio v1.0/Atlas Radio v1.0/Resources/Stations/GE.json,ge-lf-radio,LF Radio,https://rtn.cdnstream1.com/2582_96.aac,https://rtn.cdnstream1.com/2582_96.aac,skipped,not_http
/Users/norgik/Desktop/Atlas Radio v1.0/Atlas Radio v1.0/Resources/Stations/GE.json,ge-radio-obieqtivi,რადიო ობიექტივი (Radio Obieqtivi),https://nue01-edge01.itdc.ge/fm-obieqtivi-105.1/mono.m3u8,https://nue01-edge01.itdc.ge/fm-obieqtivi-105.1/mono.m3u8,skipped,not_http
/Users/norgik/Desktop/Atlas Radio v1.0/Atlas Radio v1.0/Resources/Stations/GE.json,ge-radio-positive,რადიო პოზიტივი (Radio Positive),https://stream.radiojar.com/sr4vzamzfnruv,https://stream.radiojar.com/sr4vzamzfnruv,skipped,not_http
/Users/norgik/Desktop/Atlas Radio v1.0/Atlas Radio v1.0/Resources/Stations/GE.json,ge-fm-ucnobi-fm,უცნობი FM (Ucnobi FM),http://149.3.104.166:8000/stream.ogg,http://149.3.104.166:8000/stream.ogg,failed,timeout
/Users/norgik/Desktop/Atlas Radio v1.0/Atlas Radio v1.0/Resources/Stations/GE.json,ge-radio-palitra,რადიო პალიტრა (Radio Palitra),https://radiostream.palitra.ge/stream.mp3,https://radiostream.palitra.ge/stream.mp3,skipped,not_http
/Users/norgik/Desktop/Atlas Radio v1.0/Atlas Radio v1.0/Resources/Stations/GE.json,ge-fm-tbilisi-fm,თბილისი FM (Tbilisi FM),http://iis.ge:8000/radiotbilisi.mp3,http://iis.ge:8000/radiotbilisi.mp3,failed,timeout
/Users/norgik/Desktop/Atlas Radio v1.0/Atlas Radio v1.0/Resources/Stations/GE.json,ge-radio-commersant,რადიო კომერსანტი (Radio Commersant),https://radio.cdn.xsg.ge/fm-commersant-95.5/tracks-a1/mono.m3u8,https://radio.cdn.xsg.ge/fm-commersant-95.5/tracks-a1/mono.m3u8,skipped,not_http
/Users/norgik/Desktop/Atlas Radio v1.0/Atlas Radio v1.0/Resources/Stations/GE.json,ge-radio-sivrce,რადიო სივრცე (Radio Sivrce),https://proxy.streamer.mediabox.ge/ice/8000/sivrce,https://proxy.streamer.mediabox.ge/ice/8000/sivrce,skipped,not_http
/Users/norgik/Desktop/Atlas Radio v1.0/Atlas Radio v1.0/Resources/Stations/GR.json,gr-blues-radio,Blues Radio,http://cast3.radiohost.ovh:8352/,http://cast3.radiohost.ovh:8352/,failed,ssl_error
/Users/norgik/Desktop/Atlas Radio v1.0/Atlas Radio v1.0/Resources/Stations/GR.json,gr-kiss-fm-100-6,KISS FM 100.6,http://live.radiokiss.gr/kissfm1006hq.mp3,http://live.radiokiss.gr/kissfm1006hq.mp3,failed,ssl_error
/Users/norgik/Desktop/Atlas Radio v1.0/Atlas Radio v1.0/Resources/Stations/GR.json,gr-real-fm-97-8,Real FM 97.8,http://netradio.live24.gr/realfm,https://netradio.live24.gr/realfm,upgraded,ok
/Users/norgik/Desktop/Atlas Radio v1.0/Atlas Radio v1.0/Resources/Stations/GR.json,gr-trance-athena,Trance Athena,http://cast.streams.ovh:8008/stream,https://cast.streams.ovh:8008/stream,upgraded,ok
/Users/norgik/Desktop/Atlas Radio v1.0/Atlas Radio v1.0/Resources/Stations/GR.json,gr-kiss-92-9,Kiss 92.9,http://netradio.live24.gr/kissfmathens,https://netradio.live24.gr/kissfmathens,upgraded,ok
/Users/norgik/Desktop/Atlas Radio v1.0/Atlas Radio v1.0/Resources/Stations/GR.json,gr-sport-fm-94-6,Sport FM 94.6,http://netradio.live24.gr/sportfm7712,https://netradio.live24.gr/sportfm7712,upgraded,ok
/Users/norgik/Desktop/Atlas Radio v1.0/Atlas Radio v1.0/Resources/Stations/GR.json,gr-skai-100-3,Skai 100.3,http://netradio.live24.gr/skai1003,https://netradio.live24.gr/skai1003,upgraded,ok
/Users/norgik/Desktop/Atlas Radio v1.0/Atlas Radio v1.0/Resources/Stations/GR.json,gr-sfera-102-2,Sfera 102.2,http://sfera.live24.gr/sfera4132,https://sfera.live24.gr/sfera4132,upgraded,ok
/Users/norgik/Desktop/Atlas Radio v1.0/Atlas Radio v1.0/Resources/Stations/GR.json,gr-zeppelin-106-7,Zeppelin 106.7,https://radiostreaming.ert.gr/ert-zeppelin,https://radiostreaming.ert.gr/ert-zeppelin,skipped,not_http
/Users/norgik/Desktop/Atlas Radio v1.0/Atlas Radio v1.0/Resources/Stations/GR.json,gr-fm-90-1,Παραπολιτικά FM 90.1,http://netradio.live24.gr/athinaradio,https://netradio.live24.gr/athinaradio,upgraded,ok
/Users/norgik/Desktop/Atlas Radio v1.0/Atlas Radio v1.0/Resources/Stations/GR.json,gr-ellinikos-93-2,Ellinikos 93.2,http://netradio.live24.gr/orange9320,https://netradio.live24.gr/orange9320,upgraded,ok
/Users/norgik/Desktop/Atlas Radio v1.0/Atlas Radio v1.0/Resources/Stations/GR.json,gr-psyndora-psytrance,Psyndora Psytrance,http://cast.magicstreams.gr:9111/stream,https://cast.magicstreams.gr:9111/stream,upgraded,ok
/Users/norgik/Desktop/Atlas Radio v1.0/Atlas Radio v1.0/Resources/Stations/GR.json,gr-vanilla-radio-smooth-flavors,Vanilla Radio Smooth Flavors,https://smooth.vanillaradio.com:8032/live,https://smooth.vanillaradio.com:8032/live,skipped,not_http
/Users/norgik/Desktop/Atlas Radio v1.0/Atlas Radio v1.0/Resources/Stations/GR.json,gr-derti-98-6,Derti 98.6,http://derti.live24.gr/derty1000,https://derti.live24.gr/derty1000,upgraded,ok
/Users/norgik/Desktop/Atlas Radio v1.0/Atlas Radio v1.0/Resources/Stations/GR.json,gr-off-radio-athens,Off Radio - Athens,http://s3.yesstreaming.net:7062/stream,https://s3.yesstreaming.net:7062/stream,upgraded,ok
/Users/norgik/Desktop/Atlas Radio v1.0/Atlas Radio v1.0/Resources/Stations/GR.json,gr-laikos-fm,Laikos FM,http://netradio.live24.gr/laikos876,https://netradio.live24.gr/laikos876,upgraded,ok
/Users/norgik/Desktop/Atlas Radio v1.0/Atlas Radio v1.0/Resources/Stations/GR.json,gr-galaxy-92,Galaxy 92,http://netradio.live24.gr/galaxy9292,https://netradio.live24.gr/galaxy9292,upgraded,ok
/Users/norgik/Desktop/Atlas Radio v1.0/Atlas Radio v1.0/Resources/Stations/GR.json,gr-love-radio-97-5,Love Radio 97.5,http://netradio.live24.gr/loveradio-1000,https://netradio.live24.gr/loveradio-1000,upgraded,ok
/Users/norgik/Desktop/Atlas Radio v1.0/Atlas Radio v1.0/Resources/Stations/GR.json,gr-mad-radio-106-2,Mad Radio 106.2,http://mediaserver.mad.tv/stream,http://mediaserver.mad.tv/stream,failed,http_error:400
/Users/norgik/Desktop/Atlas Radio v1.0/Atlas Radio v1.0/Resources/Stations/GR.json,gr-era-deftero-programma,ERA Deftero Programma,http://radiostreaming.ert.gr/ert-deftero,https://radiostreaming.ert.gr/ert-deftero,upgraded,ok
/Users/norgik/Desktop/Atlas Radio v1.0/Atlas Radio v1.0/Resources/Stations/HR.json,hr-extra-fm,Extra FM,http://streams.extrafm.hr:8110/;,http://streams.extrafm.hr:8110/;,failed,exception:ConnectionError
/Users/norgik/Desktop/Atlas Radio v1.0/Atlas Radio v1.0/Resources/Stations/HR.json,hr-radio-banovina,Radio Banovina,http://stream1.radio-banovina.hr:8008/;,http://stream1.radio-banovina.hr:8008/;,failed,exception:ConnectionError
/Users/norgik/Desktop/Atlas Radio v1.0/Atlas Radio v1.0/Resources/Stations/HR.json,hr-radio-dalmacija,Radio Dalmacija,http://shoutcast.pondi.hr:8000/;,http://shoutcast.pondi.hr:8000/;,failed,exception:ConnectionError
/Users/norgik/Desktop/Atlas Radio v1.0/Atlas Radio v1.0/Resources/Stations/HR.json,hr-radio-deejay-hr,Radio Deejay HR,http://live.deejay.hr:7002/;,http://live.deejay.hr:7002/;,failed,exception:ConnectionError
/Users/norgik/Desktop/Atlas Radio v1.0/Atlas Radio v1.0/Resources/Stations/HR.json,hr-antena-zagreb-u-ivo,Antena Zagreb Uživo,http://live.antenazagreb.hr:8002/;,http://live.antenazagreb.hr:8002/;,failed,exception:ConnectionError
/Users/norgik/Desktop/Atlas Radio v1.0/Atlas Radio v1.0/Resources/Stations/HR.json,hr-otvoreni-radio-u-ivo,Otvoreni radio - Uživo,http://stream.otvoreni.hr/otvoreni,http://stream.otvoreni.hr/otvoreni,failed,http_error:400
/Users/norgik/Desktop/Atlas Radio v1.0/Atlas Radio v1.0/Resources/Stations/HR.json,hr-otvoreni-radio,Otvoreni Radio,https://stream.otvoreni.hr/otvoreni,https://stream.otvoreni.hr/otvoreni,skipped,not_http
/Users/norgik/Desktop/Atlas Radio v1.0/Atlas Radio v1.0/Resources/Stations/HR.json,hr-hrt-hr-1-prvi-program,HRT HR 1 - Prvi program,http://27863.live.streamtheworld.com/PROGRAM1AAC_SC,https://27863.live.streamtheworld.com/PROGRAM1AAC_SC,upgraded,ok
/Users/norgik/Desktop/Atlas Radio v1.0/Atlas Radio v1.0/Resources/Stations/HR.json,hr-yammat-fm,Yammat FM,https://stream.yammat.fm/radio/8000/yammat.mp3,https://stream.yammat.fm/radio/8000/yammat.mp3,skipped,not_http
/Users/norgik/Desktop/Atlas Radio v1.0/Atlas Radio v1.0/Resources/Stations/HR.json,hr-top-radio,Top Radio,https://c5.hostingcentar.com/streams/topradio/,https://c5.hostingcentar.com/streams/topradio/,skipped,not_http
/Users/norgik/Desktop/Atlas Radio v1.0/Atlas Radio v1.0/Resources/Stations/HR.json,hr-hrt-hr-2-drugi-program,HRT HR 2 - Drugi program,http://28033.live.streamtheworld.com/PROGRAM2AAC_SC,https://28033.live.streamtheworld.com/PROGRAM2AAC_SC,upgraded,ok
/Users/norgik/Desktop/Atlas Radio v1.0/Atlas Radio v1.0/Resources/Stations/HR.json,hr-enter-zagreb,ENTER Zagreb,http://live.enterzagreb.hr:8023/,http://live.enterzagreb.hr:8023/,failed,exception:ConnectionError
/Users/norgik/Desktop/Atlas Radio v1.0/Atlas Radio v1.0/Resources/Stations/HR.json,hr-radio-kaj,Radio Kaj,https://s8.iqstreaming.com:2020/stream/radio-kaj2/stream,https://s8.iqstreaming.com:2020/stream/radio-kaj2/stream,skipped,not_http
/Users/norgik/Desktop/Atlas Radio v1.0/Atlas Radio v1.0/Resources/Stations/HR.json,hr-bravo,Bravo,http://c5.hostingcentar.com:8059/stream,http://c5.hostingcentar.com:8059/stream,failed,exception:ConnectionError
/Users/norgik/Desktop/Atlas Radio v1.0/Atlas Radio v1.0/Resources/Stations/HR.json,hr-antena-zagreb-rock,Antena Zagreb Rock,http://live.antenazagreb.hr:8019/,http://live.antenazagreb.hr:8019/,failed,exception:ConnectionError
/Users/norgik/Desktop/Atlas Radio v1.0/Atlas Radio v1.0/Resources/Stations/HR.json,hr-radio-stubica,Radio stubica,http://radiostubica.hc.hr:7006/stream,http://radiostubica.hc.hr:7006/stream,failed,exception:ConnectionError
/Users/norgik/Desktop/Atlas Radio v1.0/Atlas Radio v1.0/Resources/Stations/HR.json,hr-jr-radio,JR Radio,http://stream.zeno.fm/pdkt234k698uv.mp3,https://stream-175.zeno.fm/pdkt234k698uv?zt=eyJhbGciOiJIUzI1NiJ9.eyJzdHJlYW0iOiJwZGt0MjM0azY5OHV2IiwiaG9zdCI6InN0cmVhbS0xNzUuemVuby5mbSIsInJ0dGwiOjUsImp0aSI6IkVuQzFVYWdBVG5XZXRRNTY4TGFKRHciLCJpYXQiOjE3NzI1NjYxNDEsImV4cCI6MTc3MjU2NjIwMX0.2RryuDBpLg5yg8r7dVL6izfs0lmvimvgtnVUt-EWdJY,upgraded,ok
/Users/norgik/Desktop/Atlas Radio v1.0/Atlas Radio v1.0/Resources/Stations/HR.json,hr-radio101,Radio101,http://live.radio101.hr:9531/,https://live.radio101.hr:9531/,upgraded,ok
/Users/norgik/Desktop/Atlas Radio v1.0/Atlas Radio v1.0/Resources/Stations/HR.json,hr-laganini-fm,Laganini FM,http://194.145.208.251:8000/start/lfmzg,http://194.145.208.251:8000/start/lfmzg,failed,exception:ConnectionError
/Users/norgik/Desktop/Atlas Radio v1.0/Atlas Radio v1.0/Resources/Stations/HR.json,hr-radio-sunce,Radio Sunce,http://shoutcast.pondi.hr:8002/;*.mp3,https://shoutcast.pondi.hr:8002/;*.mp3,upgraded,ok
/Users/norgik/Desktop/Atlas Radio v1.0/Atlas Radio v1.0/Resources/Stations/ID.json,id-i-radio-jakarta,I-Radio Jakarta,http://stream.radiojar.com/4ywdgup3bnzuv,http://stream.radiojar.com/4ywdgup3bnzuv,failed,http_error:404
/Users/norgik/Desktop/Atlas Radio v1.0/Atlas Radio v1.0/Resources/Stations/ID.json,id-cnn-indonesia-tv,CNN Indonesia TV,http://live.cnnindonesia.com/livecnn/smil:cnntv.smil/chunklist_w275412545_b384000_sleng.m3u8,http://live.cnnindonesia.com/livecnn/smil:cnntv.smil/chunklist_w275412545_b384000_sleng.m3u8,failed,timeout
/Users/norgik/Desktop/Atlas Radio v1.0/Atlas Radio v1.0/Resources/Stations/ID.json,id-rdi-97-1-fm,RDI 97.1 FM,http://202.147.199.99:8000/;stream/1,http://202.147.199.99:8000/;stream/1,failed,exception:ConnectionError
/Users/norgik/Desktop/Atlas Radio v1.0/Atlas Radio v1.0/Resources/Stations/ID.json,id-suara-giri-98-4-fm,Suara Giri 98.4 FM,http://streaming.girifm.com:8010/,https://streaming.girifm.com:8010/,upgraded,ok
/Users/norgik/Desktop/Atlas Radio v1.0/Atlas Radio v1.0/Resources/Stations/ID.json,id-elshinta-jakarta,elshinta  jakarta,https://stream-ssl.arenastreaming.com:8000/jakarta,https://stream-ssl.arenastreaming.com:8000/jakarta,skipped,not_http
/Users/norgik/Desktop/Atlas Radio v1.0/Atlas Radio v1.0/Resources/Stations/ID.json,id-wijaya-fm-103-5-fm-surabaya,Wijaya FM 103.5 FM Surabaya,http://wijayafm.onlivestreaming.net:9880/stream?,http://wijayafm.onlivestreaming.net:9880/stream?,failed,ssl_error
/Users/norgik/Desktop/Atlas Radio v1.0/Atlas Radio v1.0/Resources/Stations/ID.json,id-retjo-buntung-99-4-fm,Retjo Buntung 99.4 FM,http://45.64.97.82:9940/,http://45.64.97.82:9940/,failed,exception:ConnectionError
/Users/norgik/Desktop/Atlas Radio v1.0/Atlas Radio v1.0/Resources/Stations/ID.json,id-89-2-fm-jakarta-campur-sari,"89.2 FM Jakarta, Campur sari",https://a8.siar.us/listen/campursari/stream,https://a8.siar.us/listen/campursari/stream,skipped,not_http
/Users/norgik/Desktop/Atlas Radio v1.0/Atlas Radio v1.0/Resources/Stations/ID.json,id-hardrock-87-6-fm-jakarta,Hardrock 87.6 FM Jakarta,http://stream.radiojar.com/7csmg90fuqruv,http://stream.radiojar.com/7csmg90fuqruv,failed,http_error:404
/Users/norgik/Desktop/Atlas Radio v1.0/Atlas Radio v1.0/Resources/Stations/ID.json,id-radio-dangdut-97-1-fm-jakarta,Radio Dangdut 97.1 FM Jakarta,http://202.147.199.99:8000/;,http://202.147.199.99:8000/;,failed,exception:ConnectionError
/Users/norgik/Desktop/Atlas Radio v1.0/Atlas Radio v1.0/Resources/Stations/ID.json,id-suara-surabaya-fm,Suara Surabaya FM,https://c5.siar.us/proxy/ssfm/stream,https://c5.siar.us/proxy/ssfm/stream,skipped,not_http
/Users/norgik/Desktop/Atlas Radio v1.0/Atlas Radio v1.0/Resources/Stations/ID.json,id-cnn-indonesia,CNN Indonesia,https://live.cnnindonesia.com/livecnn/smil:cnntv/chunklist.m3u8,https://live.cnnindonesia.com/livecnn/smil:cnntv/chunklist.m3u8,skipped,not_http
/Users/norgik/Desktop/Atlas Radio v1.0/Atlas Radio v1.0/Resources/Stations/ID.json,id-suara-muslim-surabaya,Suara Muslim Surabaya,http://pu.klikhost.com:8052/,http://pu.klikhost.com:8052/,failed,exception:ConnectionError
/Users/norgik/Desktop/Atlas Radio v1.0/Atlas Radio v1.0/Resources/Stations/ID.json,id-el-shaddai-fm-solo,EL SHADDAI FM SOLO,http://shaddai.onlivestreaming.net:9130/live,http://shaddai.onlivestreaming.net:9130/live,failed,ssl_error
/Users/norgik/Desktop/Atlas Radio v1.0/Atlas Radio v1.0/Resources/Stations/ID.json,id-traxfm-jakarta,TraxFM Jakarta,https://stream.radiojar.com/rrqf78p3bnzuv.mp3,https://stream.radiojar.com/rrqf78p3bnzuv.mp3,skipped,not_http
/Users/norgik/Desktop/Atlas Radio v1.0/Atlas Radio v1.0/Resources/Stations/ID.json,id-dangdut,DANGDUT,https://stream.zeno.fm/sgvq5xniobhuv,https://stream.zeno.fm/sgvq5xniobhuv,skipped,not_http
/Users/norgik/Desktop/Atlas Radio v1.0/Atlas Radio v1.0/Resources/Stations/ID.json,id-bass-fm-93-2-salatiga,Bass FM 93.2 Salatiga,http://live.bassfm.id/,http://live.bassfm.id/,failed,exception:ConnectionError
/Users/norgik/Desktop/Atlas Radio v1.0/Atlas Radio v1.0/Resources/Stations/ID.json,id-v-radio,V Radio,http://202.147.199.100:8000/;stream.nsv,http://202.147.199.100:8000/;stream.nsv,failed,exception:ConnectionError
/Users/norgik/Desktop/Atlas Radio v1.0/Atlas Radio v1.0/Resources/Stations/ID.json,id-delta-fm-jakarta,Delta FM Jakarta,http://s1.cloudmu.id:8030/radio.mp3,https://s1.cloudmu.id:8030/radio.mp3,upgraded,ok
/Users/norgik/Desktop/Atlas Radio v1.0/Atlas Radio v1.0/Resources/Stations/ID.json,id-rri-pro-3-kbrn,RRI Pro 3 KBRN,https://stream-node0.rri.co.id/streaming/14/9014/kbrn.mp3,https://stream-node0.rri.co.id/streaming/14/9014/kbrn.mp3,skipped,not_http
/Users/norgik/Desktop/Atlas Radio v1.0/Atlas Radio v1.0/Resources/Stations/IE.json,ie-rte-radio-1,RTÉ Radio 1,http://icecast.rte.ie/radio1,https://29083.live.streamtheworld.com:443/RTE_1_INT.mp3?tdsdk=rte,upgraded,ok
/Users/norgik/Desktop/Atlas Radio v1.0/Atlas Radio v1.0/Resources/Stations/IE.json,ie-newstalk,Newstalk,https://edge.audioxi.com/NT,https://edge.audioxi.com/NT,skipped,not_http
/Users/norgik/Desktop/Atlas Radio v1.0/Atlas Radio v1.0/Resources/Stations/IE.json,ie-rte-lyric-fm,RTÉ Lyric FM,http://icecast.rte.ie/lyric,https://29103.live.streamtheworld.com:443/RTE_LYRIC_FM.mp3?tdsdk=rte,upgraded,ok
/Users/norgik/Desktop/Atlas Radio v1.0/Atlas Radio v1.0/Resources/Stations/IE.json,ie-irish-country-music-radio,Irish Country Music Radio,http://46.28.49.164:7502/,http://46.28.49.164:7502/,failed,timeout
/Users/norgik/Desktop/Atlas Radio v1.0/Atlas Radio v1.0/Resources/Stations/IE.json,ie-irish-pub-radio,Irish Pub Radio,http://solid24.streamupsolutions.com:8026/stream,http://solid24.streamupsolutions.com:8026/stream,failed,timeout
/Users/norgik/Desktop/Atlas Radio v1.0/Atlas Radio v1.0/Resources/Stations/IE.json,ie-deep-house-radio,Deep House Radio,https://streaming.shoutcast.com/dhr,https://streaming.shoutcast.com/dhr,skipped,not_http
/Users/norgik/Desktop/Atlas Radio v1.0/Atlas Radio v1.0/Resources/Stations/IE.json,ie-classic-hits-4fm,Classic Hits 4FM,http://stream.audioxi.com/CLASSIC,https://live-bauerie.sharp-stream.com/CLASSIC,upgraded,ok
/Users/norgik/Desktop/Atlas Radio v1.0/Atlas Radio v1.0/Resources/Stations/IE.json,ie-vinyl-stacks,Vinyl Stacks,https://vinylstacks.uncool.club/vinyl-stacks.mp3,https://vinylstacks.uncool.club/vinyl-stacks.mp3,skipped,not_http
/Users/norgik/Desktop/Atlas Radio v1.0/Atlas Radio v1.0/Resources/Stations/IE.json,ie-deephouse-radio-everestcast,Deephouse Radio (Everestcast),http://ec1.everestcast.host:1490/stream,https://ec1.everestcast.host:1490/stream,upgraded,ok
/Users/norgik/Desktop/Atlas Radio v1.0/Atlas Radio v1.0/Resources/Stations/IL.json,il-kan-makan,Kan Makan,http://kanliveicy.media.kan.org.il/icy/makan_mp3,http://kanliveicy.media.kan.org.il/icy/makan_mp3,failed,exception:ConnectionError
/Users/norgik/Desktop/Atlas Radio v1.0/Atlas Radio v1.0/Resources/Stations/IL.json,il-kan-bet,Kan Bet,https://28563.live.streamtheworld.com/KAN_BET.mp3,https://28563.live.streamtheworld.com/KAN_BET.mp3,skipped,not_http
/Users/norgik/Desktop/Atlas Radio v1.0/Atlas Radio v1.0/Resources/Stations/IL.json,il-glglz,Glglz,https://api.bynetcdn.com/Redirector/glz/glglz/ICE-LIVE,https://api.bynetcdn.com/Redirector/glz/glglz/ICE-LIVE,skipped,not_http
/Users/norgik/Desktop/Atlas Radio v1.0/Atlas Radio v1.0/Resources/Stations/IL.json,il-radio-103fm,Radio 103FM,https://cdn.cybercdn.live/103FM/Live/icecast.audio,https://cdn.cybercdn.live/103FM/Live/icecast.audio,skipped,not_http
/Users/norgik/Desktop/Atlas Radio v1.0/Atlas Radio v1.0/Resources/Stations/IL.json,il-galei-zahal,Galei Zahal,http://glzwizzlv.bynetcdn.com/glz_mp3,https://glzwizzlv.bynetcdn.com/glz_mp3,upgraded,ok
/Users/norgik/Desktop/Atlas Radio v1.0/Atlas Radio v1.0/Resources/Stations/IL.json,il-joint-radio-blues-rock,Joint Radio Blues Rock,https://jointil.com/stream-blues,https://jointil.com/stream-blues,skipped,not_http
/Users/norgik/Desktop/Atlas Radio v1.0/Atlas Radio v1.0/Resources/Stations/IL.json,il-kan-88,Kan 88,http://kanliveicy.media.kan.org.il/icy/kan88_mp3,http://kanliveicy.media.kan.org.il/icy/kan88_mp3,failed,exception:ConnectionError
/Users/norgik/Desktop/Atlas Radio v1.0/Atlas Radio v1.0/Resources/Stations/IL.json,il-kan-gimel,Kan Gimel,https://27873.live.streamtheworld.com/KAN_GIMMEL.mp3,https://27873.live.streamtheworld.com/KAN_GIMMEL.mp3,skipped,not_http
/Users/norgik/Desktop/Atlas Radio v1.0/Atlas Radio v1.0/Resources/Stations/IN.json,in-fnf-fm-hindi,Fnf.Fm Hindi,http://192.99.8.192:5032/;stream,http://192.99.8.192:5032/;stream,failed,exception:ConnectionError
/Users/norgik/Desktop/Atlas Radio v1.0/Atlas Radio v1.0/Resources/Stations/IN.json,in-bollywood-gaane-purane,Bollywood Gaane Purane,https://stream.zeno.fm/6n6ewddtad0uv,https://stream.zeno.fm/6n6ewddtad0uv,skipped,not_http
/Users/norgik/Desktop/Atlas Radio v1.0/Atlas Radio v1.0/Resources/Stations/IN.json,in-my-radio-dj,MY RADIO DJ,http://stream.zeno.fm/84h97t3ewg0uv,https://stream-153.zeno.fm/84h97t3ewg0uv?zt=eyJhbGciOiJIUzI1NiJ9.eyJzdHJlYW0iOiI4NGg5N3QzZXdnMHV2IiwiaG9zdCI6InN0cmVhbS0xNTMuemVuby5mbSIsInJ0dGwiOjUsImp0aSI6IjBHdzVRX0NhVEdTeUEzT0U1X0kwRlEiLCJpYXQiOjE3NzI1NjYxODMsImV4cCI6MTc3MjU2NjI0M30.HmY20Nu1rp30mh8eRlJILZYtieIuxyUeefmiRceBGCs,upgraded,ok
/Users/norgik/Desktop/Atlas Radio v1.0/Atlas Radio v1.0/Resources/Stations/IN.json,in-radio-bollyfm,Radio BollyFm,http://stream.radiobollyfm.in:8201/hd?t=1526570335,http://stream.radiobollyfm.in:8201/hd?t=1526570335,failed,exception:ConnectionError
/Users/norgik/Desktop/Atlas Radio v1.0/Atlas Radio v1.0/Resources/Stations/IN.json,in-goldy-evergreen,Goldy Evergreen,https://stream.zeno.fm/n2fd0edh9k8uv,https://stream.zeno.fm/n2fd0edh9k8uv,skipped,not_http
/Users/norgik/Desktop/Atlas Radio v1.0/Atlas Radio v1.0/Resources/Stations/IN.json,in-radio-schizoid-dub-techno,Radio Schizoid - Dub Techno,http://94.130.113.214:8000/dubtechno,http://94.130.113.214:8000/dubtechno,failed,timeout
/Users/norgik/Desktop/Atlas Radio v1.0/Atlas Radio v1.0/Resources/Stations/IN.json,in-radio-schizoid-chillout-ambient,Radio Schizoid - Chillout / Ambient,http://94.130.113.214:8000/chill,http://94.130.113.214:8000/chill,failed,timeout
/Users/norgik/Desktop/Atlas Radio v1.0/Atlas Radio v1.0/Resources/Stations/IN.json,in-radio-schizoid-progressive-psychedelic-trance,Radio Schizoid - Progressive Psychedelic Trance,http://94.130.113.214:8000/prog,http://94.130.113.214:8000/prog,failed,timeout
/Users/norgik/Desktop/Atlas Radio v1.0/Atlas Radio v1.0/Resources/Stations/IN.json,in-2b-radio-sangam-krishna,2B! Radio Sangam Krishna,http://millenniumhits.out.airtime.pro:8000/millenniumhits_a,https://millenniumhits.out.airtime.pro:8000/millenniumhits_a,upgraded,ok
/Users/norgik/Desktop/Atlas Radio v1.0/Atlas Radio v1.0/Resources/Stations/IN.json,in-hits-of-bollywood,Hits Of Bollywood,http://stream.zeno.fm/8ty8szwpwfeuv,https://stream-168.zeno.fm/8ty8szwpwfeuv?zt=eyJhbGciOiJIUzI1NiJ9.eyJzdHJlYW0iOiI4dHk4c3p3cHdmZXV2IiwiaG9zdCI6InN0cmVhbS0xNjguemVuby5mbSIsInJ0dGwiOjUsImp0aSI6InNJb3IyeXZNUUwtNXBPVEYtenVESGciLCJpYXQiOjE3NzI1NjYyMDYsImV4cCI6MTc3MjU2NjI2Nn0.t_W23_djUfH3vq-wuJQ5R6UhCMPSI42BARPF3JHDUwg,upgraded,ok
/Users/norgik/Desktop/Atlas Radio v1.0/Atlas Radio v1.0/Resources/Stations/IN.json,in-vivid-bharti,Vivid Bharti ,https://air.pc.cdn.bitgravity.com/air/live/pbaudio001/playlist.m3u8,https://air.pc.cdn.bitgravity.com/air/live/pbaudio001/playlist.m3u8,skipped,not_http
/Users/norgik/Desktop/Atlas Radio v1.0/Atlas Radio v1.0/Resources/Stations/IN.json,in-hits-of-lata-mangeshkar,Hits Of Lata Mangeshkar,http://stream.zeno.fm/g95zm67prfhvv,https://stream-165.zeno.fm/g95zm67prfhvv?zt=eyJhbGciOiJIUzI1NiJ9.eyJzdHJlYW0iOiJnOTV6bTY3cHJmaHZ2IiwiaG9zdCI6InN0cmVhbS0xNjUuemVuby5mbSIsInJ0dGwiOjUsImp0aSI6IjNUOGNibm9pUW4tejRmRC1Hb2pxcEEiLCJpYXQiOjE3NzI1NjYyMDksImV4cCI6MTc3MjU2NjI2OX0.bVIafm7J3sWH1JQX99FZHvmFDe5uxlHkmIY-FnM_vO0,upgraded,ok
/Users/norgik/Desktop/Atlas Radio v1.0/Atlas Radio v1.0/Resources/Stations/IN.json,in-my-club-remix,MY CLUB REMIX,http://stream.zeno.fm/u7eee0hyzp8uv,https://stream-160.zeno.fm/u7eee0hyzp8uv?zt=eyJhbGciOiJIUzI1NiJ9.eyJzdHJlYW0iOiJ1N2VlZTBoeXpwOHV2IiwiaG9zdCI6InN0cmVhbS0xNjAuemVuby5mbSIsInJ0dGwiOjUsImp0aSI6Img3ZzhYM29qUWpxZGI5TFdlcEVaREEiLCJpYXQiOjE3NzI1NjYyMTIsImV4cCI6MTc3MjU2NjI3Mn0.XPAroR5u83RzWpQtwWZHYP-wayLQIdCkafGG24To09A,upgraded,ok
/Users/norgik/Desktop/Atlas Radio v1.0/Atlas Radio v1.0/Resources/Stations/IN.json,in-radio-aashiqanaa,Radio Aashiqanaa,https://sonic.onlineaudience.co.uk/8114/stream?listening-from-radio-garden=1657427657,https://sonic.onlineaudience.co.uk/8114/stream?listening-from-radio-garden=1657427657,skipped,not_http
/Users/norgik/Desktop/Atlas Radio v1.0/Atlas Radio v1.0/Resources/Stations/IN.json,in-2b-radio-sangam-shri-ram,2B! Radio Sangam Shri Ram,http://dard.out.airtime.pro:8000/dard_a,https://dard.out.airtime.pro:8000/dard_a,upgraded,ok
/Users/norgik/Desktop/Atlas Radio v1.0/Atlas Radio v1.0/Resources/Stations/IN.json,in-air-fm-gold-delhi,AIR Fm Gold Delhi,https://airhlspush.pc.cdn.bitgravity.com/httppush/hlspbaudio005/hlspbaudio00564kbps.m3u8,https://airhlspush.pc.cdn.bitgravity.com/httppush/hlspbaudio005/hlspbaudio00564kbps.m3u8,skipped,not_http
/Users/norgik/Desktop/Atlas Radio v1.0/Atlas Radio v1.0/Resources/Stations/IN.json,in-mirchi-top-20,Mirchi Top 20,https://drive.uber.radio/uber/bollywoodnow/icecast.audio,https://drive.uber.radio/uber/bollywoodnow/icecast.audio,skipped,not_http
/Users/norgik/Desktop/Atlas Radio v1.0/Atlas Radio v1.0/Resources/Stations/IN.json,in-radio-mirchi-hindi,Radio Mirchi Hindi,https://eu8.fastcast4u.com/proxy/clyedupq/stream,https://eu8.fastcast4u.com/proxy/clyedupq/stream,skipped,not_http
/Users/norgik/Desktop/Atlas Radio v1.0/Atlas Radio v1.0/Resources/Stations/IN.json,in-hits-of-kishor-kumar,Hits Of Kishor Kumar,http://stream.zeno.fm/pg6rqp8ztm0uv,https://stream-166.zeno.fm/pg6rqp8ztm0uv?zt=eyJhbGciOiJIUzI1NiJ9.eyJzdHJlYW0iOiJwZzZycXA4enRtMHV2IiwiaG9zdCI6InN0cmVhbS0xNjYuemVuby5mbSIsInJ0dGwiOjUsImp0aSI6IjdxanU5M01GUWlTNFdmS1RKa0ROT3ciLCJpYXQiOjE3NzI1NjYyMTYsImV4cCI6MTc3MjU2NjI3Nn0.EGr-GFOj8aQ4GsLiTanFhs4mGk3Q5fALBBQ-PioQqqs,upgraded,ok
/Users/norgik/Desktop/Atlas Radio v1.0/Atlas Radio v1.0/Resources/Stations/IN.json,in-hits-of-mohammed-rafi,Hits Of Mohammed Rafi,http://stream.zeno.fm/0zkr7x8ztm0uv,https://stream-166.zeno.fm/0zkr7x8ztm0uv?zt=eyJhbGciOiJIUzI1NiJ9.eyJzdHJlYW0iOiIwemtyN3g4enRtMHV2IiwiaG9zdCI6InN0cmVhbS0xNjYuemVuby5mbSIsInJ0dGwiOjUsImp0aSI6InlXcms5V1lGVG95akh2ZnRfUmdLMmciLCJpYXQiOjE3NzI1NjYyMTksImV4cCI6MTc3MjU2NjI3OX0.SvA4MPgos2YnY-6I8HdWajCrsSr9NHlAr58Xj746f9Q,upgraded,ok
/Users/norgik/Desktop/Atlas Radio v1.0/Atlas Radio v1.0/Resources/Stations/IT.json,it-rai-radio-1,Rai Radio 1,http://icestreaming.rai.it/1.mp3,https://icecdn-19d24861e90342cc8decb03c24c8a419.msvdn.net/icecastRelay/S16355530/Q4zh3NTu28Rx/icecast,upgraded,ok
/Users/norgik/Desktop/Atlas Radio v1.0/Atlas Radio v1.0/Resources/Stations/IT.json,it-virgin-radio-classic-rock,Virgin Radio Classic Rock,http://icy.unitedradio.it/VirginRockClassics.mp3,https://icy.unitedradio.it/VirginRockClassics.mp3,upgraded,ok
/Users/norgik/Desktop/Atlas Radio v1.0/Atlas Radio v1.0/Resources/Stations/IT.json,it-radio-105-network,Radio 105 Network,http://icecast.unitedradio.it/Radio105.mp3,https://icecast.unitedradio.it/Radio105.mp3,upgraded,ok
/Users/norgik/Desktop/Atlas Radio v1.0/Atlas Radio v1.0/Resources/Stations/IT.json,it-radio-24-il-sole-24-ore,Radio 24 il sole 24 ore,http://shoutcast2.radio24.it:8000/;,http://shoutcast2.radio24.it:8000/;,failed,ssl_error
/Users/norgik/Desktop/Atlas Radio v1.0/Atlas Radio v1.0/Resources/Stations/IT.json,it-rai-radio-2,Rai Radio 2,http://icestreaming.rai.it/2.mp3,https://icecdn-19d24861e90342cc8decb03c24c8a419.msvdn.net/icecastRelay/S35942484/yp5F67151K92/icecast,upgraded,ok
/Users/norgik/Desktop/Atlas Radio v1.0/Atlas Radio v1.0/Resources/Stations/IT.json,it-radio-stereocitt,Radio Stereocittà,http://onair11.xdevel.com:8134/;stream.mp3,http://onair11.xdevel.com:8134/;stream.mp3,failed,exception:ConnectionError
/Users/norgik/Desktop/Atlas Radio v1.0/Atlas Radio v1.0/Resources/Stations/IT.json,it-rai-radio-3,Rai Radio 3,http://icestreaming.rai.it/3.mp3,https://icecdn-19d24861e90342cc8decb03c24c8a419.msvdn.net/icecastRelay/S56630579/yEbkcBtIoSwd/icecast,upgraded,ok
/Users/norgik/Desktop/Atlas Radio v1.0/Atlas Radio v1.0/Resources/Stations/IT.json,it-rmc-radio-monte-carlo,RMC Radio Monte Carlo,http://icecast.unitedradio.it/RMC.mp3,https://icecast.unitedradio.it/RMC.mp3,upgraded,ok
/Users/norgik/Desktop/Atlas Radio v1.0/Atlas Radio v1.0/Resources/Stations/IT.json,it-virgin-radio-italia,Virgin Radio Italia,http://icecast.unitedradio.it/Virgin.mp3,https://icecast.unitedradio.it/Virgin.mp3,upgraded,ok
/Users/norgik/Desktop/Atlas Radio v1.0/Atlas Radio v1.0/Resources/Stations/IT.json,it-radio-105-dance-90,Radio 105 - Dance 90,http://icy.unitedradio.it/105Dance90.mp3,https://icy.unitedradio.it/105Dance90.mp3,upgraded,ok
/Users/norgik/Desktop/Atlas Radio v1.0/Atlas Radio v1.0/Resources/Stations/IT.json,it-radio-armisa,Radio Armisa,https://onair.armisa.it/listen/armisa/radio.mp3,https://onair.armisa.it/listen/armisa/radio.mp3,skipped,not_http
/Users/norgik/Desktop/Atlas Radio v1.0/Atlas Radio v1.0/Resources/Stations/IT.json,it-radio-80,Radio 80,http://str01.fluidstream.net:7020/;stream.mp3,http://str01.fluidstream.net:7020/;stream.mp3,failed,ssl_error
/Users/norgik/Desktop/Atlas Radio v1.0/Atlas Radio v1.0/Resources/Stations/IT.json,it-70-80-hits-hq,70 80 Hits HQ,https://nr8.newradio.it:19574/stream,https://nr8.newradio.it:19574/stream,skipped,not_http
/Users/norgik/Desktop/Atlas Radio v1.0/Atlas Radio v1.0/Resources/Stations/IT.json,it-virgin-radio-rock-70,Virgin Radio Rock '70,http://icy.unitedradio.it/VirginRock70.mp3,https://icy.unitedradio.it/VirginRock70.mp3,upgraded,ok
/Users/norgik/Desktop/Atlas Radio v1.0/Atlas Radio v1.0/Resources/Stations/IT.json,it-radio-studio-pi-hq,Radio Studio Più - HQ,http://77.241.4.100:8020/;,http://77.241.4.100:8020/;,failed,exception:ConnectionError
/Users/norgik/Desktop/Atlas Radio v1.0/Atlas Radio v1.0/Resources/Stations/IT.json,it-tele-radio-stereo,Tele Radio Stereo,http://trsw.inmystream.info:8068/;stream.mp3,http://trsw.inmystream.info:8068/;stream.mp3,failed,exception:ConnectionError
/Users/norgik/Desktop/Atlas Radio v1.0/Atlas Radio v1.0/Resources/Stations/IT.json,it-virgin-radio-rock-80,Virgin Radio Rock '80,http://icy.unitedradio.it/VirginRock80.mp3,https://icy.unitedradio.it/VirginRock80.mp3,upgraded,ok
/Users/norgik/Desktop/Atlas Radio v1.0/Atlas Radio v1.0/Resources/Stations/IT.json,it-rmc-80,RMC 80,http://edge.radiomontecarlo.net/rmcweb008,http://edge.radiomontecarlo.net/rmcweb008,failed,ssl_error
/Users/norgik/Desktop/Atlas Radio v1.0/Atlas Radio v1.0/Resources/Stations/IT.json,it-virgin-radio-hard-rock,Virgin Radio Hard Rock,http://icy.unitedradio.it/VirginHardRock.mp3,https://icy.unitedradio.it/VirginHardRock.mp3,upgraded,ok
/Users/norgik/Desktop/Atlas Radio v1.0/Atlas Radio v1.0/Resources/Stations/IT.json,it-radio-italia-solo-musica-italiana,Radio Italia Solo Musica Italiana,https://radioitaliasmi.akamaized.net/hls/live/2093120/RISMI/stream01/streamPlaylist.m3u8,https://radioitaliasmi.akamaized.net/hls/live/2093120/RISMI/stream01/streamPlaylist.m3u8,skipped,not_http
/Users/norgik/Desktop/Atlas Radio v1.0/Atlas Radio v1.0/Resources/Stations/JP.json,jp-jazz-sakura-asia-dream-radio,Jazz Sakura (asia dream radio),http://kathy.torontocast.com:3330/stream/1/?esPlayer&cb=82181.mp3,https://kathy.torontocast.com:3330/stream/1/?esPlayer&cb=82181.mp3,upgraded,ok
/Users/norgik/Desktop/Atlas Radio v1.0/Atlas Radio v1.0/Resources/Stations/JP.json,jp-anime-para-ti,Anime Para Ti,https://stream.zeno.fm/qpn8mkt8c4duv,https://stream.zeno.fm/qpn8mkt8c4duv,skipped,not_http
/Users/norgik/Desktop/Atlas Radio v1.0/Atlas Radio v1.0/Resources/Stations/JP.json,jp-listen-moe-jpop-vorbis,Listen.Moe JPop Vorbis,https://listen.moe/stream,https://listen.moe/stream,skipped,not_http
/Users/norgik/Desktop/Atlas Radio v1.0/Atlas Radio v1.0/Resources/Stations/JP.json,jp-retro-pc-game-music-streaming-radio,Retro PC GAME MUSIC Streaming Radio,http://gyusyabu.ddo.jp:8000/,http://gyusyabu.ddo.jp:8000/,failed,exception:ConnectionError
/Users/norgik/Desktop/Atlas Radio v1.0/Atlas Radio v1.0/Resources/Stations/JP.json,jp-gensokyo-radio,Gensokyo Radio,https://stream.gensokyoradio.net/3,https://stream.gensokyoradio.net/3,skipped,not_http
/Users/norgik/Desktop/Atlas Radio v1.0/Atlas Radio v1.0/Resources/Stations/JP.json,jp-r-a-dio,R/a/dio,https://relay0.r-a-d.io/main.mp3,https://relay0.r-a-d.io/main.mp3,skipped,not_http
/Users/norgik/Desktop/Atlas Radio v1.0/Atlas Radio v1.0/Resources/Stations/JP.json,jp-j1-gold-http,J1 Gold (HTTP),http://jenny.torontocast.com:8062/,https://jenny.torontocast.com:8062/,upgraded,ok
/Users/norgik/Desktop/Atlas Radio v1.0/Atlas Radio v1.0/Resources/Stations/JP.json,jp-fm-kahoku-78-7-fm-jozz5am-fm-78-7-mhz-kahoku-city-ishikawa,"FM Kahoku 78.7 (FMかほく, JOZZ5AM-FM, 78.7 MHz, Kahoku City, Ishikawa)",http://radio.kahoku.net:8000/;,http://radio.kahoku.net:8000/;,failed,exception:ConnectionError
/Users/norgik/Desktop/Atlas Radio v1.0/Atlas Radio v1.0/Resources/Stations/JP.json,jp-shonan-beach-fm-78-9,Shonan Beach FM 78.9,http://shonanbeachfm.out.airtime.pro:8000/shonanbeachfm_a,https://shonanbeachfm.out.airtime.pro:8000/shonanbeachfm_a,upgraded,ok
/Users/norgik/Desktop/Atlas Radio v1.0/Atlas Radio v1.0/Resources/Stations/JP.json,jp-free-fm-tokyo,Free FM Tokyo,https://rocafmadrid.radioca.st/,https://rocafmadrid.radioca.st/,skipped,not_http
/Users/norgik/Desktop/Atlas Radio v1.0/Atlas Radio v1.0/Resources/Stations/JP.json,jp-free-fm-80-tokyo,Free FM 80 Tokyo,https://freefm80.radioca.st/,https://freefm80.radioca.st/,skipped,not_http
/Users/norgik/Desktop/Atlas Radio v1.0/Atlas Radio v1.0/Resources/Stations/JP.json,jp-j1-hits-http,J1 Hits (HTTP),http://jenny.torontocast.com:8056/,https://jenny.torontocast.com:8056/,upgraded,ok
/Users/norgik/Desktop/Atlas Radio v1.0/Atlas Radio v1.0/Resources/Stations/JP.json,jp-nightwave-plaza-opus-96,Nightwave Plaza OPUS 96,http://radio.plaza.one/opus,https://radio.plaza.one/opus,upgraded,ok
/Users/norgik/Desktop/Atlas Radio v1.0/Atlas Radio v1.0/Resources/Stations/JP.json,jp-ottava,Ottava,http://ottava2.out.airtime.pro:8000/ottava2_a,https://ottava2.out.airtime.pro:8000/ottava2_a,upgraded,ok
/Users/norgik/Desktop/Atlas Radio v1.0/Atlas Radio v1.0/Resources/Stations/JP.json,jp-s-per-tokio-radio,Súper Tokio Radio,https://streamer.radio.co/s83eb8ff39/listen,https://streamer.radio.co/s83eb8ff39/listen,skipped,not_http
/Users/norgik/Desktop/Atlas Radio v1.0/Atlas Radio v1.0/Resources/Stations/JP.json,jp-box-japan-city-pop,BOX : Japan City Pop - 日本のシティポップ,https://play.streamafrica.net/japancitypop,https://play.streamafrica.net/japancitypop,skipped,not_http
/Users/norgik/Desktop/Atlas Radio v1.0/Atlas Radio v1.0/Resources/Stations/JP.json,jp-big-b-radio-jpop,Big B Radio - Jpop,https://antares.dribbcast.com/proxy/jpop?mp=/s,https://antares.dribbcast.com/proxy/jpop?mp=/s,skipped,not_http
/Users/norgik/Desktop/Atlas Radio v1.0/Atlas Radio v1.0/Resources/Stations/JP.json,jp-chofu-fm,Chofu FM,https://mtist.as.smartstream.ne.jp/30039/livestream/chunklist.m3u8,https://mtist.as.smartstream.ne.jp/30039/livestream/chunklist.m3u8,skipped,not_http
/Users/norgik/Desktop/Atlas Radio v1.0/Atlas Radio v1.0/Resources/Stations/JP.json,jp-moon-mission-recordings,Moon Mission Recordings,http://uk5.internet-radio.com:8306/,http://uk5.internet-radio.com:8306/,failed,exception:ConnectionError
/Users/norgik/Desktop/Atlas Radio v1.0/Atlas Radio v1.0/Resources/Stations/KE.json,ke-jesus-is-lord-radio,JESUS IS LORD Radio,https://s3.radio.co/s97f38db97/listen,https://s3.radio.co/s97f38db97/listen,skipped,not_http
/Users/norgik/Desktop/Atlas Radio v1.0/Atlas Radio v1.0/Resources/Stations/KE.json,ke-nrg-radio,NRG Radio,https://streamingv2.shoutcast.com/nrg-radio-ke,https://streamingv2.shoutcast.com/nrg-radio-ke,skipped,not_http
/Users/norgik/Desktop/Atlas Radio v1.0/Atlas Radio v1.0/Resources/Stations/KE.json,ke-kbc,KBC,http://stream.zeno.fm/ud2u96xst5quv,https://stream-158.zeno.fm/ud2u96xst5quv?zt=eyJhbGciOiJIUzI1NiJ9.eyJzdHJlYW0iOiJ1ZDJ1OTZ4c3Q1cXV2IiwiaG9zdCI6InN0cmVhbS0xNTguemVuby5mbSIsInJ0dGwiOjUsImp0aSI6Ii1iUS1vMHpqU20tQk94TnY5emFoS0EiLCJpYXQiOjE3NzI1NjYyNDUsImV4cCI6MTc3MjU2NjMwNX0.KRKkHu2FKzfyaNF1f11VV0UEekOykFHo7MmXysJbwA4,upgraded,ok
/Users/norgik/Desktop/Atlas Radio v1.0/Atlas Radio v1.0/Resources/Stations/KE.json,ke-reggae-roots,REGGAE ROOTS,http://relay5.181.fm:8096/,http://relay5.181.fm:8096/,failed,ssl_error
/Users/norgik/Desktop/Atlas Radio v1.0/Atlas Radio v1.0/Resources/Stations/KE.json,ke-ghetto-kenya,ghetto kenya,https://stream.zeno.fm/kvudezx1h2zuv,https://stream.zeno.fm/kvudezx1h2zuv,skipped,not_http
/Users/norgik/Desktop/Atlas Radio v1.0/Atlas Radio v1.0/Resources/Stations/KE.json,ke-radio-kaya,Radio Kaya,http://usa9-vn.mixstream.net:8084/;,http://usa9-vn.mixstream.net:8084/;,failed,exception:ConnectionError
/Users/norgik/Desktop/Atlas Radio v1.0/Atlas Radio v1.0/Resources/Stations/KE.json,ke-nation-kenya,NATION KENYA,http://stream.radiojar.com/3by7s8eg65quv,http://stream.radiojar.com/3by7s8eg65quv,failed,http_error:400
/Users/norgik/Desktop/Atlas Radio v1.0/Atlas Radio v1.0/Resources/Stations/KE.json,ke-ghettoo-kenya,GHETTOO KENYA,http://stream.zeno.fm/cs4q33arb2zuv,https://stream-156.zeno.fm/cs4q33arb2zuv?zt=eyJhbGciOiJIUzI1NiJ9.eyJzdHJlYW0iOiJjczRxMzNhcmIyenV2IiwiaG9zdCI6InN0cmVhbS0xNTYuemVuby5mbSIsInJ0dGwiOjUsImp0aSI6ImpyekhQdmZvVERlRExkY1JVOVdWZWciLCJpYXQiOjE3NzI1NjYyNDksImV4cCI6MTc3MjU2NjMwOX0.atAK0UoqON-552bYzn9gvrBrRTgw9GpSI7EfG5Q3Kwg,upgraded,ok
/Users/norgik/Desktop/Atlas Radio v1.0/Atlas Radio v1.0/Resources/Stations/KE.json,ke-classic,classic,http://media-ice.musicradio.com/ClassicFMMP3,https://media-ice.musicradio.com/ClassicFMMP3,upgraded,ok
/Users/norgik/Desktop/Atlas Radio v1.0/Atlas Radio v1.0/Resources/Stations/KE.json,ke-nation-fm,NATION FM,http://stream.radiojar.com/3by7s8eg65quv,http://stream.radiojar.com/3by7s8eg65quv,failed,http_error:400
/Users/norgik/Desktop/Atlas Radio v1.0/Atlas Radio v1.0/Resources/Stations/KE.json,ke-nrg-kenya,NRG KENYA,https://streamingv2.shoutcast.com/nrg-radio-ke,https://streamingv2.shoutcast.com/nrg-radio-ke,skipped,not_http
/Users/norgik/Desktop/Atlas Radio v1.0/Atlas Radio v1.0/Resources/Stations/KE.json,ke-irie-fm-jamaica,IRIE FM JAMAICA,http://stream.zeno.fm/6zszyw9tarzuv,https://stream-160.zeno.fm/6zszyw9tarzuv?zt=eyJhbGciOiJIUzI1NiJ9.eyJzdHJlYW0iOiI2enN6eXc5dGFyenV2IiwiaG9zdCI6InN0cmVhbS0xNjAuemVuby5mbSIsInJ0dGwiOjUsImp0aSI6IkNVSW1qTDJrVDQ2aXh1VEdjRUpzdkEiLCJpYXQiOjE3NzI1NjYyNTIsImV4cCI6MTc3MjU2NjMxMn0.DqxKDcHXqgPLCWxQHkeIcPqnogU4QP17WXh8uJcQeqc,upgraded,ok
/Users/norgik/Desktop/Atlas Radio v1.0/Atlas Radio v1.0/Resources/Stations/KE.json,ke-ghettoke-kenya,GHETTOKE KENYA,http://stream-47.zeno.fm/gf58b0pt5x8uv?zs=9Rb0nsM4TlCJ9aggk8nWAg,https://stream-151.zeno.fm/gf58b0pt5x8uv?zt=eyJhbGciOiJIUzI1NiJ9.eyJzdHJlYW0iOiJnZjU4YjBwdDV4OHV2IiwiaG9zdCI6InN0cmVhbS0xNTEuemVuby5mbSIsInJ0dGwiOjUsImp0aSI6Im5oaDRBVEd6UW1TZ3Z3QTNpTEtBT0EiLCJpYXQiOjE3NzI1NjYyNTUsImV4cCI6MTc3MjU2NjMxNX0.JrebnA9KJNZlB_c2elZm-Ip0af2t2wWOSUH3PfWOU_8,upgraded,ok
/Users/norgik/Desktop/Atlas Radio v1.0/Atlas Radio v1.0/Resources/Stations/KE.json,ke-mwangaza-wa-neno-fm-kenya,MWANGAZA WA NENO FM KENYA,https://stream.zeno.fm/e34h1cbrmeruv,https://stream.zeno.fm/e34h1cbrmeruv,skipped,not_http
/Users/norgik/Desktop/Atlas Radio v1.0/Atlas Radio v1.0/Resources/Stations/KE.json,ke-rastyle-kenya,RASTYLE KENYA,http://stream-57.zeno.fm/gf58b0pt5x8uv?zs=vvcdeoPjSamesknSTOXHvQ,https://stream-152.zeno.fm/gf58b0pt5x8uv?zt=eyJhbGciOiJIUzI1NiJ9.eyJzdHJlYW0iOiJnZjU4YjBwdDV4OHV2IiwiaG9zdCI6InN0cmVhbS0xNTIuemVuby5mbSIsInJ0dGwiOjUsImp0aSI6IjYxa180c1ZPUTdxUjNUZ05EdkpyUkEiLCJpYXQiOjE3NzI1NjYyNTgsImV4cCI6MTc3MjU2NjMxOH0.m7PCFeqFdH5Ofm32HHvKhghSXSLA8U_5sGofxZX1wLo,upgraded,ok
/Users/norgik/Desktop/Atlas Radio v1.0/Atlas Radio v1.0/Resources/Stations/KE.json,ke-juraini-radio,Juraini Radio,http://stream.zeno.fm/fe0nc58z8vzuv,https://stream-176.zeno.fm/fe0nc58z8vzuv?zt=eyJhbGciOiJIUzI1NiJ9.eyJzdHJlYW0iOiJmZTBuYzU4ejh2enV2IiwiaG9zdCI6InN0cmVhbS0xNzYuemVuby5mbSIsInJ0dGwiOjUsImp0aSI6IkJ2UFRLSV9VUXRxaE1HR05vLVFQX2ciLCJpYXQiOjE3NzI1NjYyNjAsImV4cCI6MTc3MjU2NjMyMH0.KC8bP1kb4exicrKoYFrs01A8U3gB8xG-5MkS9itQPhw,upgraded,ok
/Users/norgik/Desktop/Atlas Radio v1.0/Atlas Radio v1.0/Resources/Stations/KG.json,kg-coldstar-online-radio-low-quality,ColdStar.Online Radio (Low quality),https://ice.coldstar.online/low.mp3,https://ice.coldstar.online/low.mp3,skipped,not_http
/Users/norgik/Desktop/Atlas Radio v1.0/Atlas Radio v1.0/Resources/Stations/KG.json,kg-kyrgyzstan-obondoru,Кыргызстан Обондору (Kyrgyzstan Obondoru),https://cdn.radioplayer.kg:8443/obondoru64,https://cdn.radioplayer.kg:8443/obondoru64,skipped,not_http
/Users/norgik/Desktop/Atlas Radio v1.0/Atlas Radio v1.0/Resources/Stations/KG.json,kg-fm-radio-tumar-fm,Радио Тумар FM (Radio Tumar FM),https://radio.tumar.fm:8005/stream,https://radio.tumar.fm:8005/stream,skipped,not_http
/Users/norgik/Desktop/Atlas Radio v1.0/Atlas Radio v1.0/Resources/Stations/KG.json,kg-radio,Биринчи Radio,https://liveradio.utrk.kg/1radio,https://liveradio.utrk.kg/1radio,skipped,not_http
/Users/norgik/Desktop/Atlas Radio v1.0/Atlas Radio v1.0/Resources/Stations/KG.json,kg-fm-suiunchu-fm,Сүйүнчү FM (Suiunchu FM),https://cdn.radioplayer.kg:8443/suiunchu64,https://cdn.radioplayer.kg:8443/suiunchu64,skipped,not_http
/Users/norgik/Desktop/Atlas Radio v1.0/Atlas Radio v1.0/Resources/Stations/KG.json,kg-the-holy-quran-by-sheikh-mahmoud-al-husari,The Holy Quran  by Sheikh Mahmoud Al-Husari,https://qurango.net/radio/mahmoud_khalil_alhussary_warsh,https://qurango.net/radio/mahmoud_khalil_alhussary_warsh,skipped,not_http
/Users/norgik/Desktop/Atlas Radio v1.0/Atlas Radio v1.0/Resources/Stations/KG.json,kg-abdulbasit-abdulsamad,Abdulbasit Abdulsamad,https://radio.mp3islam.com/listen/abdulbasit/radio.mp3,https://radio.mp3islam.com/listen/abdulbasit/radio.mp3,skipped,not_http
/Users/norgik/Desktop/Atlas Radio v1.0/Atlas Radio v1.0/Resources/Stations/KG.json,kg-coldstar-online-radio-high-quality,ColdStar.Online Radio (High quality),https://ice.coldstar.online/high.mp3,https://ice.coldstar.online/high.mp3,skipped,not_http
/Users/norgik/Desktop/Atlas Radio v1.0/Atlas Radio v1.0/Resources/Stations/KZ.json,rb-963fb135-0601-11e8-ae97-52543be04c81,Radio 90s Eurodance,https://listen1.myradio24.com/5967,https://listen1.myradio24.com/5967,skipped,not_http
/Users/norgik/Desktop/Atlas Radio v1.0/Atlas Radio v1.0/Resources/Stations/KZ.json,rb-8d19ab98-ff22-440c-af05-0b1669b8a2ba,beu fm,https://stream.beufm.kz/beufm,https://stream.beufm.kz/beufm,skipped,not_http
/Users/norgik/Desktop/Atlas Radio v1.0/Atlas Radio v1.0/Resources/Stations/KZ.json,rb-a0d11402-f9cd-487a-904f-cabc86924a8c,Zhulduz Radio,http://91.201.214.229:8000/zhulduz,http://91.201.214.229:8000/zhulduz,failed,timeout
/Users/norgik/Desktop/Atlas Radio v1.0/Atlas Radio v1.0/Resources/Stations/KZ.json,rb-ab723787-b6b8-4a03-8114-403ee4bd82c7,Narodnoe Radio,http://178.88.167.62:8080/DALA_192,http://178.88.167.62:8080/DALA_192,failed,timeout
/Users/norgik/Desktop/Atlas Radio v1.0/Atlas Radio v1.0/Resources/Stations/KZ.json,rb-a47510c5-2d32-11e9-a35e-52543be04c81,KTK TV,http://89.218.30.37/ktklive/live.hq/playlist.m3u8,http://89.218.30.37/ktklive/live.hq/playlist.m3u8,failed,ssl_error
/Users/norgik/Desktop/Atlas Radio v1.0/Atlas Radio v1.0/Resources/Stations/KZ.json,rb-21745b17-764e-471a-ae34-5f92c88e7e34,Shalqar,https://radio-streams.kaztrk.kz/shalqar/shalqar/icecast.audio,https://radio-streams.kaztrk.kz/shalqar/shalqar/icecast.audio,skipped,not_http
/Users/norgik/Desktop/Atlas Radio v1.0/Atlas Radio v1.0/Resources/Stations/KZ.json,rb-1a03c96c-e9a8-40de-ac2e-5c523447cf3e,Avtoradio,http://178.88.167.62:8080/AVTORADIO_192,http://178.88.167.62:8080/AVTORADIO_192,failed,timeout
/Users/norgik/Desktop/Atlas Radio v1.0/Atlas Radio v1.0/Resources/Stations/KZ.json,rb-93dda347-fb16-448c-9827-6028e0df82d2,Vashe Radio,https://live.zhanafm.kz:8443/vasheradio,https://live.zhanafm.kz:8443/vasheradio,skipped,not_http
/Users/norgik/Desktop/Atlas Radio v1.0/Atlas Radio v1.0/Resources/Stations/KZ.json,rb-2c21d6a9-8cf2-4d26-a4bb-712352e918db,Russian Dance Radio,https://lux-radio.com:8015/stream,https://lux-radio.com:8015/stream,skipped,not_http
/Users/norgik/Desktop/Atlas Radio v1.0/Atlas Radio v1.0/Resources/Stations/KZ.json,rb-2866af84-c9ad-4c68-bb72-ea7b1f22d2e0,Pioner FM,https://live.zhanafm.kz:8443/pionerfm,https://live.zhanafm.kz:8443/pionerfm,skipped,not_http
/Users/norgik/Desktop/Atlas Radio v1.0/Atlas Radio v1.0/Resources/Stations/LT.json,lt-ini-radijas-64-kbps-mp3,Žinių radijas [64 kbps MP3],http://netradio.ziniur.lt/ziniur_64.mp3,http://netradio.ziniur.lt/ziniur_64.mp3,failed,http_error:400
/Users/norgik/Desktop/Atlas Radio v1.0/Atlas Radio v1.0/Resources/Stations/LT.json,lt-m-1-plius,M-1 Plius,http://radio.m-1.fm/m1plius/mp3,http://radio.m-1.fm/m1plius/mp3,failed,http_error:400
/Users/norgik/Desktop/Atlas Radio v1.0/Atlas Radio v1.0/Resources/Stations/LT.json,lt-laluna-mp3,Laluna [MP3],http://radio.m-1.fm/laluna/mp3,http://radio.m-1.fm/laluna/mp3,failed,http_error:400
/Users/norgik/Desktop/Atlas Radio v1.0/Atlas Radio v1.0/Resources/Stations/LT.json,lt-relax-fm-lietuva,RELAX FM Lietuva,https://stream1.relaxfm.lt/relaxfm128.mp3,https://stream1.relaxfm.lt/relaxfm128.mp3,skipped,not_http
/Users/norgik/Desktop/Atlas Radio v1.0/Atlas Radio v1.0/Resources/Stations/LT.json,lt-easy-fm,Easy FM,https://netradio.ziniur.lt/easyfm.mp3,https://netradio.ziniur.lt/easyfm.mp3,skipped,not_http
/Users/norgik/Desktop/Atlas Radio v1.0/Atlas Radio v1.0/Resources/Stations/LT.json,lt-zipfm,ZipFM,https://stream2.zipfm.lt/zipfm128.mp3,https://stream2.zipfm.lt/zipfm128.mp3,skipped,not_http
/Users/norgik/Desktop/Atlas Radio v1.0/Atlas Radio v1.0/Resources/Stations/LT.json,lt-ini-radijas,Žinių Radijas,http://netradio.ziniur.lt:8000/ziniur.mp3,http://netradio.ziniur.lt:8000/ziniur.mp3,failed,timeout
/Users/norgik/Desktop/Atlas Radio v1.0/Atlas Radio v1.0/Resources/Stations/LT.json,lt-m-1-dance,M-1 Dance ,https://radio.m-1.fm/m-1dance/aac,https://radio.m-1.fm/m-1dance/aac,skipped,not_http
/Users/norgik/Desktop/Atlas Radio v1.0/Atlas Radio v1.0/Resources/Stations/LT.json,lt-radiocentras,Radiocentras,https://stream2.rc.lt/rc128.mp3,https://stream2.rc.lt/rc128.mp3,skipped,not_http
/Users/norgik/Desktop/Atlas Radio v1.0/Atlas Radio v1.0/Resources/Stations/LT.json,lt-m-1-aac,M-1 [AAC],http://stream.m-1.fm/M-1aacp,http://stream.m-1.fm/M-1aacp,failed,http_error:400
/Users/norgik/Desktop/Atlas Radio v1.0/Atlas Radio v1.0/Resources/Stations/LT.json,lt-stream-2,Радио Лента stream 2,https://streaming.broadcastrd.com/audio/radio-lenta.mp3,https://streaming.broadcastrd.com/audio/radio-lenta.mp3,skipped,not_http
/Users/norgik/Desktop/Atlas Radio v1.0/Atlas Radio v1.0/Resources/Stations/LT.json,lt-station,Радио Сигнал,https://streaming.broadcastrd.com/audio/radio-singnal.mp3,https://streaming.broadcastrd.com/audio/radio-singnal.mp3,skipped,not_http
/Users/norgik/Desktop/Atlas Radio v1.0/Atlas Radio v1.0/Resources/Stations/LT.json,lt-m-1,m-1,http://radio.m-1.fm/lietus/MP3320,http://radio.m-1.fm/lietus/MP3320,failed,http_error:400
/Users/norgik/Desktop/Atlas Radio v1.0/Atlas Radio v1.0/Resources/Stations/LT.json,lt-radio-r,RADIO R,https://stream1.rusradio.lt/rrb128.mp3,https://stream1.rusradio.lt/rrb128.mp3,skipped,not_http
/Users/norgik/Desktop/Atlas Radio v1.0/Atlas Radio v1.0/Resources/Stations/LT.json,lt-zip-fm,ZIP FM,https://stream1.zipfm.lt/zipfm128.mp3,https://stream1.zipfm.lt/zipfm128.mp3,skipped,not_http
/Users/norgik/Desktop/Atlas Radio v1.0/Atlas Radio v1.0/Resources/Stations/LT.json,lt-laluna-aac,Laluna [AAC],http://radio.m-1.fm/laluna/high,http://radio.m-1.fm/laluna/high,failed,http_error:400
/Users/norgik/Desktop/Atlas Radio v1.0/Atlas Radio v1.0/Resources/Stations/LT.json,lt-start-fm-94-2-mhz-vilnius-mp3,Start FM 94.2 MHz Vilnius [MP3],http://eteris.startfm.lt/startfm.mp3,http://eteris.startfm.lt/startfm.mp3,failed,http_error:400
/Users/norgik/Desktop/Atlas Radio v1.0/Atlas Radio v1.0/Resources/Stations/LT.json,lt-mano-fm,MANO FM,http://klausyk.manofm.lt:8000/Icecast2,http://klausyk.manofm.lt:8000/Icecast2,failed,timeout
/Users/norgik/Desktop/Atlas Radio v1.0/Atlas Radio v1.0/Resources/Stations/LT.json,lt-palanga-street-radio,Palanga Street Radio,https://stream.palanga.live:8443/palanga128.mp3,https://stream.palanga.live:8443/palanga128.mp3,skipped,not_http
/Users/norgik/Desktop/Atlas Radio v1.0/Atlas Radio v1.0/Resources/Stations/LT.json,lt-radijo-stotis-lietus,Radijo stotis Lietus,https://radio.m-1.fm/LIETUS,https://radio.m-1.fm/LIETUS,skipped,not_http
/Users/norgik/Desktop/Atlas Radio v1.0/Atlas Radio v1.0/Resources/Stations/LV.json,lv-fm-retro-fm,Ретро FM Рига (Retro FM),https://live.retrofm.lv/retrofmlatvia,https://live.retrofm.lv/retrofmlatvia,skipped,not_http
/Users/norgik/Desktop/Atlas Radio v1.0/Atlas Radio v1.0/Resources/Stations/LV.json,lv-european-hit-radio-dance,European Hit Radio - Dance,http://stream.europeanhitradio.com:8000/Stream_24.aac,http://stream.europeanhitradio.com:8000/Stream_24.aac,failed,ssl_error
/Users/norgik/Desktop/Atlas Radio v1.0/Atlas Radio v1.0/Resources/Stations/LV.json,lv-newdanceradio,NewDanceRadio,http://stream.newdanceradio.ru/,https://stream.newdanceradio.ru/,upgraded,ok
/Users/norgik/Desktop/Atlas Radio v1.0/Atlas Radio v1.0/Resources/Stations/LV.json,lv-latvijas-radio-2,Latvijas Radio 2,http://lr2mp1.latvijasradio.lv:8002/;,http://lr2mp1.latvijasradio.lv:8002/;,failed,exception:ConnectionError
/Users/norgik/Desktop/Atlas Radio v1.0/Atlas Radio v1.0/Resources/Stations/LV.json,lv-european-hit-radio-superhits,European Hit Radio - SuperHits,http://stream.europeanhitradio.com:8000/Stream_21.aac,http://stream.europeanhitradio.com:8000/Stream_21.aac,failed,ssl_error
/Users/norgik/Desktop/Atlas Radio v1.0/Atlas Radio v1.0/Resources/Stations/LV.json,lv-latvijas-radio-1,Latvijas Radio 1,http://lr1mp1.latvijasradio.lv:8012/;,http://lr1mp1.latvijasradio.lv:8012/;,failed,exception:ConnectionError
/Users/norgik/Desktop/Atlas Radio v1.0/Atlas Radio v1.0/Resources/Stations/LV.json,lv-radio-energy-lv-russian,Radio ENERGY.LV - Russian,http://www.radioenergy.lv:9000/,http://www.radioenergy.lv:9000/,failed,exception:ConnectionError
/Users/norgik/Desktop/Atlas Radio v1.0/Atlas Radio v1.0/Resources/Stations/LV.json,lv-european-hit-radio-russkie-hiti,European Hit Radio - Russkie Hiti,http://stream.europeanhitradio.com:8000/khr.aac,http://stream.europeanhitradio.com:8000/khr.aac,failed,ssl_error
/Users/norgik/Desktop/Atlas Radio v1.0/Atlas Radio v1.0/Resources/Stations/LV.json,lv-station,Авторадио Латвия,https://live.relaxfm.lv/03,https://live.relaxfm.lv/03,skipped,not_http
/Users/norgik/Desktop/Atlas Radio v1.0/Atlas Radio v1.0/Resources/Stations/LV.json,lv-latvijas-radio-4,Latvijas Radio 4,http://lr4mp1.latvijasradio.lv:8020/;,http://lr4mp1.latvijasradio.lv:8020/;,failed,exception:ConnectionError
/Users/norgik/Desktop/Atlas Radio v1.0/Atlas Radio v1.0/Resources/Stations/LV.json,lv-european-hit-radio-party-service,European Hit Radio - Party Service,http://stream.europeanhitradio.com:8000/Stream_12.aac,http://stream.europeanhitradio.com:8000/Stream_12.aac,failed,ssl_error
/Users/norgik/Desktop/Atlas Radio v1.0/Atlas Radio v1.0/Resources/Stations/LV.json,lv-alise-plus,Alise Plus,http://fm2inet.aliseplus.lv:8080/,http://fm2inet.aliseplus.lv:8080/,failed,ssl_error
/Users/norgik/Desktop/Atlas Radio v1.0/Atlas Radio v1.0/Resources/Stations/LV.json,lv-european-hit-radio-top-40,European Hit Radio - Top 40,http://stream.europeanhitradio.com:8000/Stream_27.aac,http://stream.europeanhitradio.com:8000/Stream_27.aac,failed,ssl_error
/Users/norgik/Desktop/Atlas Radio v1.0/Atlas Radio v1.0/Resources/Stations/LV.json,lv-european-hit-radio-latvie-u-hiti,European Hit Radio - Latviešu Hiti,http://stream.europeanhitradio.com:8000/Stream_22.aac,http://stream.europeanhitradio.com:8000/Stream_22.aac,failed,ssl_error
/Users/norgik/Desktop/Atlas Radio v1.0/Atlas Radio v1.0/Resources/Stations/LV.json,lv-european-hit-radio,European Hit Radio,http://stream.europeanhitradio.com:8000/ehr.aac,http://stream.europeanhitradio.com:8000/ehr.aac,failed,ssl_error
/Users/norgik/Desktop/Atlas Radio v1.0/Atlas Radio v1.0/Resources/Stations/LV.json,lv-radio-swh,Radio SWH,http://80.232.162.149:8000/swh96mp3,http://80.232.162.149:8000/swh96mp3,failed,timeout
/Users/norgik/Desktop/Atlas Radio v1.0/Atlas Radio v1.0/Resources/Stations/LV.json,lv-radio-swh-1,Radio SWH+,http://80.232.162.149:8000/plus96mp3,http://80.232.162.149:8000/plus96mp3,failed,timeout
/Users/norgik/Desktop/Atlas Radio v1.0/Atlas Radio v1.0/Resources/Stations/LV.json,lv-radio-tev,Radio TEV,http://stream.radiotev.lv:8002/radiov,http://stream.radiotev.lv:8002/radiov,failed,timeout
/Users/norgik/Desktop/Atlas Radio v1.0/Atlas Radio v1.0/Resources/Stations/LV.json,lv-top-radio,TOP radio,https://topradio.live.advailo.com/topradio/mp3/icecast.audio,https://topradio.live.advailo.com/topradio/mp3/icecast.audio,skipped,not_http
/Users/norgik/Desktop/Atlas Radio v1.0/Atlas Radio v1.0/Resources/Stations/LV.json,lv-radio-swh-rock,Radio SWH Rock,http://80.232.162.149:8000/rock96mp3,http://80.232.162.149:8000/rock96mp3,failed,timeout
/Users/norgik/Desktop/Atlas Radio v1.0/Atlas Radio v1.0/Resources/Stations/MD.json,md-aquarelle-fm,Aquarelle FM,http://93.115.137.75:8000/aquarellefm.mp3,http://93.115.137.75:8000/aquarellefm.mp3,failed,timeout
/Users/norgik/Desktop/Atlas Radio v1.0/Atlas Radio v1.0/Resources/Stations/MD.json,md-love-pro-dj-radio-chisinau,LOVE PRO Dj Radio Chisinau,http://live.prodjradio.net:8000/;,https://live.prodjradio.net:8000/,upgraded,ok
/Users/norgik/Desktop/Atlas Radio v1.0/Atlas Radio v1.0/Resources/Stations/MD.json,md-kiss-fm-moldova,Kiss FM Moldova,https://live.kissfm.md/kissfm.chisinau,https://live.kissfm.md/kissfm.chisinau,skipped,not_http
/Users/norgik/Desktop/Atlas Radio v1.0/Atlas Radio v1.0/Resources/Stations/MD.json,md-dance-fm-moldova,Dance Fm Moldova,http://37.233.41.76:8000/dancefm,http://37.233.41.76:8000/dancefm,failed,ssl_error
/Users/norgik/Desktop/Atlas Radio v1.0/Atlas Radio v1.0/Resources/Stations/MD.json,md-radio-dar,Radio DAR,http://188.138.191.214/RadioDar,http://188.138.191.214/RadioDar,failed,timeout
/Users/norgik/Desktop/Atlas Radio v1.0/Atlas Radio v1.0/Resources/Stations/MD.json,md-radio-noroc-moldova,Radio Noroc Moldova,https://stream.noroc.tv/radionoroc_aac,https://stream.noroc.tv/radionoroc_aac,skipped,not_http
/Users/norgik/Desktop/Atlas Radio v1.0/Atlas Radio v1.0/Resources/Stations/MD.json,md-jurnal-fm,Jurnal Fm,https://audio.jurnalfm.md/hq,https://audio.jurnalfm.md/hq,skipped,not_http
/Users/norgik/Desktop/Atlas Radio v1.0/Atlas Radio v1.0/Resources/Stations/MD.json,md-megapolis-fm,Megapolis Fm,https://megapolisfm.md:8443/886,https://megapolisfm.md:8443/886,skipped,not_http
/Users/norgik/Desktop/Atlas Radio v1.0/Atlas Radio v1.0/Resources/Stations/MD.json,md-radio-studentus,Radio Studentus,http://radiolive.studentus.md:8000/live,http://radiolive.studentus.md:8000/live,failed,timeout
/Users/norgik/Desktop/Atlas Radio v1.0/Atlas Radio v1.0/Resources/Stations/MD.json,md-eco-fm,Eco FM,http://188.138.204.98:8080/ecoFM,http://188.138.204.98:8080/ecoFM,failed,timeout
/Users/norgik/Desktop/Atlas Radio v1.0/Atlas Radio v1.0/Resources/Stations/MD.json,md-megapolis-fm-moldova,Megapolis FM Moldova,https://megapolisfm.md:8443/886,https://megapolisfm.md:8443/886,skipped,not_http
/Users/norgik/Desktop/Atlas Radio v1.0/Atlas Radio v1.0/Resources/Stations/MD.json,md-radio-record-moldova,Radio Record Moldova,http://212.56.220.74:8000/RecordMD,http://212.56.220.74:8000/RecordMD,failed,ssl_error
/Users/norgik/Desktop/Atlas Radio v1.0/Atlas Radio v1.0/Resources/Stations/MD.json,md-radio-rfi-moldova,Radio RFI Moldova,https://asculta.radiorfi.ro/live.mp3,https://asculta.radiorfi.ro/live.mp3,skipped,not_http
/Users/norgik/Desktop/Atlas Radio v1.0/Atlas Radio v1.0/Resources/Stations/MD.json,md-imago-fm,imago.fm,http://109.233.192.78:8000/_a,http://109.233.192.78:8000/_a,failed,timeout
/Users/norgik/Desktop/Atlas Radio v1.0/Atlas Radio v1.0/Resources/Stations/MD.json,md-retro-fm-moldova,Retro FM Moldova,https://efir.retrofm.md:8000/retro,https://efir.retrofm.md:8000/retro,skipped,not_http
/Users/norgik/Desktop/Atlas Radio v1.0/Atlas Radio v1.0/Resources/Stations/MD.json,md-love-radio-moldova,Love Radio Moldova,http://37.233.41.76:8000/lovefm,http://37.233.41.76:8000/lovefm,failed,ssl_error
/Users/norgik/Desktop/Atlas Radio v1.0/Atlas Radio v1.0/Resources/Stations/MD.json,md-radio-zum-2,Radio ZUM 2,https://streams.radiozum.md/listen/zum2/ZUM2,https://streams.radiozum.md/listen/zum2/ZUM2,skipped,not_http
/Users/norgik/Desktop/Atlas Radio v1.0/Atlas Radio v1.0/Resources/Stations/MD.json,md-drive-fm,Drive FM,http://109.185.236.241:8000/DriveFM,http://109.185.236.241:8000/DriveFM,failed,timeout
/Users/norgik/Desktop/Atlas Radio v1.0/Atlas Radio v1.0/Resources/Stations/MD.json,md-crucial-velocity-radio,Crucial Velocity Radio,http://ais-sa2.cdnstream1.com/1369_128,https://ais-sa2.cdnstream1.com/1369_128,upgraded,ok
/Users/norgik/Desktop/Atlas Radio v1.0/Atlas Radio v1.0/Resources/Stations/MD.json,md-muz-fm-moldova,Muz FM Moldova,https://live.muzfm.md/muzfm,https://live.muzfm.md/muzfm,skipped,not_http
/Users/norgik/Desktop/Atlas Radio v1.0/Atlas Radio v1.0/Resources/Stations/MN.json,mn-mgl-radio,MGL Radio,http://stream17.shoutcastsolutions.com:8096/,http://stream17.shoutcastsolutions.com:8096/,failed,exception:ConnectionError
/Users/norgik/Desktop/Atlas Radio v1.0/Atlas Radio v1.0/Resources/Stations/MN.json,mn-family-radio-fm,Family Radio FM,https://c2.radioboss.fm/stream/394,https://c2.radioboss.fm/stream/394,skipped,not_http
/Users/norgik/Desktop/Atlas Radio v1.0/Atlas Radio v1.0/Resources/Stations/MN.json,mn-mongolian-music-radio,Mongolian Music Radio,http://65.108.143.81:7700/1,http://65.108.143.81:7700/1,failed,ssl_error
/Users/norgik/Desktop/Atlas Radio v1.0/Atlas Radio v1.0/Resources/Stations/MN.json,mn-104-5,Гэр бүлийн радио 104.5,https://c2.radioboss.fm/stream/394,https://c2.radioboss.fm/stream/394,skipped,not_http
/Users/norgik/Desktop/Atlas Radio v1.0/Atlas Radio v1.0/Resources/Stations/MN.json,mn-inner-mongolia-voice-of-grassland,内蒙古草原之声 Inner Mongolia Voice of Grassland,https://lhttp-hw.qtfm.cn/live/20973/64k.mp3,https://lhttp-hw.qtfm.cn/live/20973/64k.mp3,skipped,not_http
/Users/norgik/Desktop/Atlas Radio v1.0/Atlas Radio v1.0/Resources/Stations/MN.json,mn-abdulbasit-abdulsamad,Abdulbasit Abdulsamad,https://radio.mp3islam.com/listen/abdulbasit/radio.mp3,https://radio.mp3islam.com/listen/abdulbasit/radio.mp3,skipped,not_http
/Users/norgik/Desktop/Atlas Radio v1.0/Atlas Radio v1.0/Resources/Stations/MX.json,mx-los-40-principales-m-xico,Los 40 Principales México,http://27063.live.streamtheworld.com/LOS40_MEXICO_SC,https://27063.live.streamtheworld.com/LOS40_MEXICO_SC,upgraded,ok
/Users/norgik/Desktop/Atlas Radio v1.0/Atlas Radio v1.0/Resources/Stations/MX.json,mx-caf-rom-ntico-radio-monterrey-online-www-caferomanticoradio-com-grupo-digital-radioland-monterrey-nuevo-le-n,"Café Romántico Radio (Monterrey) - Online - www.caferomanticoradio.com - Grupo Digital Radioland - Monterrey, Nuevo León",https://panel.retrolandigital.com/radio/8110/listen,https://panel.retrolandigital.com/radio/8110/listen,skipped,not_http
/Users/norgik/Desktop/Atlas Radio v1.0/Atlas Radio v1.0/Resources/Stations/MX.json,mx-beautiful-instrumentals,BEAUTIFUL Instrumentals,http://s3.voscast.com:10038/,http://s3.voscast.com:10038/,failed,exception:ConnectionError
/Users/norgik/Desktop/Atlas Radio v1.0/Atlas Radio v1.0/Resources/Stations/MX.json,mx-la-ranchera-de-monterrey-1050-am-xeg-am-n-cleo-radio-monterrey-monterrey-nl,"La Ranchera de Monterrey - 1050 AM - XEG-AM - Núcleo Radio Monterrey - Monterrey, NL",http://streamingcwsradio20.com:9410/stream,http://streamingcwsradio20.com:9410/stream,failed,exception:ConnectionError
/Users/norgik/Desktop/Atlas Radio v1.0/Atlas Radio v1.0/Resources/Stations/MX.json,mx-cumbias-inmortales-radio-monterrey-online-www-cumbiasinmortales-com-grupo-digital-retroland-monterrey-nuevo-le-n,"Cumbias Inmortales Radio (Monterrey) - Online - www.cumbiasinmortales.com - Grupo Digital Retroland - Monterrey, Nuevo León",https://panel.retrolandigital.com/listen/cumbias_inmortales_radio/listen,https://panel.retrolandigital.com/listen/cumbias_inmortales_radio/listen,skipped,not_http
/Users/norgik/Desktop/Atlas Radio v1.0/Atlas Radio v1.0/Resources/Stations/MX.json,mx-88-9-noticias-88-9-fm-xhm-fm-grupo-acir-ciudad-de-m-xico,88.9 Noticias - 88.9 FM - XHM-FM - Grupo ACIR - Ciudad de México,https://playerservices.streamtheworld.com/api/livestream-redirect/XHMFMAAC_SC.aac,https://playerservices.streamtheworld.com/api/livestream-redirect/XHMFMAAC_SC.aac,skipped,not_http
/Users/norgik/Desktop/Atlas Radio v1.0/Atlas Radio v1.0/Resources/Stations/MX.json,mx-sabrosita-ciudad-de-m-xico-590-am-xeph-am-nrm-comunicaciones-ciudad-de-m-xico,SABROSITA Ciudad de México - 590 AM - XEPH-AM - NRM Comunicaciones - Ciudad de México,https://playerservices.streamtheworld.com/api/livestream-redirect/XEPHAMAAC.aac,https://playerservices.streamtheworld.com/api/livestream-redirect/XEPHAMAAC.aac,skipped,not_http
/Users/norgik/Desktop/Atlas Radio v1.0/Atlas Radio v1.0/Resources/Stations/MX.json,mx-oldies-internet-radio,Oldies Internet Radio,http://162.244.81.98:8140/listen,http://162.244.81.98:8140/listen,failed,ssl_error
/Users/norgik/Desktop/Atlas Radio v1.0/Atlas Radio v1.0/Resources/Stations/MX.json,mx-amor-ciudad-de-m-xico-95-3-fm-xhsh-fm-grupo-acir-ciudad-de-m-xico,Amor Ciudad de México - 95.3 FM - XHSH-FM - Grupo ACIR - Ciudad de México,https://27143.live.streamtheworld.com:443/XHSHFMAAC.aac,https://27143.live.streamtheworld.com:443/XHSHFMAAC.aac,skipped,not_http
/Users/norgik/Desktop/Atlas Radio v1.0/Atlas Radio v1.0/Resources/Stations/MX.json,mx-la-ke-buena-ciudad-de-m-xico-92-9-fm-xeq-fm-radi-polis-ciudad-de-m-xico,La Ke Buena Ciudad de México - 92.9 FM - XEQ-FM - Radiópolis - Ciudad de México,https://playerservices.streamtheworld.com/api/livestream-redirect/KEBUENAAAC.aac,https://playerservices.streamtheworld.com/api/livestream-redirect/KEBUENAAAC.aac,skipped,not_http
/Users/norgik/Desktop/Atlas Radio v1.0/Atlas Radio v1.0/Resources/Stations/MX.json,mx-w-radio-ciudad-de-m-xico-xew-am-900-khz-xew-fm-96-9-mhz-televisa-radio,"W Radio Ciudad de México (XEW-AM 900 kHz, XEW-FM 96.9 MHz) Televisa Radio",http://19293.live.streamtheworld.com:3690/W_RADIOAAC_SC,http://19293.live.streamtheworld.com:3690/W_RADIOAAC_SC,failed,timeout
/Users/norgik/Desktop/Atlas Radio v1.0/Atlas Radio v1.0/Resources/Stations/MX.json,mx-panda-show-radio-online-el-panda-zambrano-ciudad-de-m-xico,Panda Show Radio - Online - El Panda Zambrano - Ciudad de México,http://65.21.202.84:8062/,http://65.21.202.84:8062/,failed,exception:ConnectionError
/Users/norgik/Desktop/Atlas Radio v1.0/Atlas Radio v1.0/Resources/Stations/MX.json,mx-la-comadre-ciudad-de-m-xico-1260-am-xel-am-grupo-acir-ciudad-de-m-xico,La Comadre Ciudad de México - 1260 AM - XEL-AM - Grupo ACIR - Ciudad de México,https://playerservices.streamtheworld.com/api/livestream-redirect/XELAMAAC.aac,https://playerservices.streamtheworld.com/api/livestream-redirect/XELAMAAC.aac,skipped,not_http
/Users/norgik/Desktop/Atlas Radio v1.0/Atlas Radio v1.0/Resources/Stations/MX.json,mx-mix-ciudad-de-m-xico-106-5-fm-xhdfm-fm-grupo-acir-ciudad-de-m-xico,MIX Ciudad de México - 106.5 FM - XHDFM-FM - Grupo ACIR - Ciudad de México,https://18233.live.streamtheworld.com:443/XHDFMFMAAC.aac,https://18233.live.streamtheworld.com:443/XHDFMFMAAC.aac,skipped,not_http
/Users/norgik/Desktop/Atlas Radio v1.0/Atlas Radio v1.0/Resources/Stations/MX.json,mx-universal-ciudad-de-m-xico-88-1-fm-xhred-fm-grupo-radio-centro-ciudad-de-m-xico,UNIVERSAL Ciudad de México - 88.1 FM - XHRED-FM - Grupo Radio Centro - Ciudad de México,https://playerservices.streamtheworld.com/api/livestream-redirect/XERED_AMAAC.aac,https://playerservices.streamtheworld.com/api/livestream-redirect/XERED_AMAAC.aac,skipped,not_http
/Users/norgik/Desktop/Atlas Radio v1.0/Atlas Radio v1.0/Resources/Stations/MX.json,mx-xhexa-exa-fm-104-9-fm-mexico-city-df,"XHEXA ""Exa FM"" 104.9 FM Mexico City, DF",http://18213.live.streamtheworld.com/XHEXA_SC,https://18213.live.streamtheworld.com/XHEXA_SC,upgraded,ok
/Users/norgik/Desktop/Atlas Radio v1.0/Atlas Radio v1.0/Resources/Stations/MX.json,mx-el-fon-grafo-m-sica-las-24-horas-elfonografo-mx-online-grupo-radio-centro-ciudad-de-m-xico,"El Fonógrafo, Música las 24 horas (elfonografo.mx) - Online - Grupo Radio Centro - Ciudad de México",https://14553.live.streamtheworld.com:443/XEJP_AM_SC,https://14553.live.streamtheworld.com:443/XEJP_AM_SC,skipped,not_http
/Users/norgik/Desktop/Atlas Radio v1.0/Atlas Radio v1.0/Resources/Stations/MX.json,mx-radio-felicidad-1180-am-xefr-am-grupo-acir-ciudad-de-m-xico,Radio Felicidad - 1180 AM - XEFR-AM - Grupo ACIR - Ciudad de México,https://playerservices.streamtheworld.com/api/livestream-redirect/XEFRAMAAC.aac,https://playerservices.streamtheworld.com/api/livestream-redirect/XEFRAMAAC.aac,skipped,not_http
/Users/norgik/Desktop/Atlas Radio v1.0/Atlas Radio v1.0/Resources/Stations/MX.json,mx-alfa-91-3-ciudad-de-m-xico-91-3-fm-xhfaj-fm-grupo-radio-centro-ciudad-de-m-xico,ALFA 91.3 (Ciudad de México) - 91.3 FM - XHFAJ-FM - Grupo Radio Centro - Ciudad de México,https://playerservices.streamtheworld.com/api/livestream-redirect/XHFAJ_FMAAC.aac,https://playerservices.streamtheworld.com/api/livestream-redirect/XHFAJ_FMAAC.aac,skipped,not_http
/Users/norgik/Desktop/Atlas Radio v1.0/Atlas Radio v1.0/Resources/Stations/MX.json,mx-la-z-ciudad-de-m-xico-107-3-fm-xeqr-fm-grupo-radio-centro-ciudad-de-m-xico,La Z Ciudad de México - 107.3 FM - XEQR-FM - Grupo Radio Centro - Ciudad de México,https://playerservices.streamtheworld.com/api/livestream-redirect/XEQR_FMAAC.aac,https://playerservices.streamtheworld.com/api/livestream-redirect/XEQR_FMAAC.aac,skipped,not_http
/Users/norgik/Desktop/Atlas Radio v1.0/Atlas Radio v1.0/Resources/Stations/MY.json,my-jazz-lounge,Jazz Lounge,http://eu8.fastcast4u.com:5068/;,http://eu8.fastcast4u.com:5068/;,failed,exception:ConnectionError
/Users/norgik/Desktop/Atlas Radio v1.0/Atlas Radio v1.0/Resources/Stations/MY.json,my-slow-rock-90,Slow Rock 90',https://stream.zeno.fm/hiut6cwfoneuv,https://stream.zeno.fm/hiut6cwfoneuv,skipped,not_http
/Users/norgik/Desktop/Atlas Radio v1.0/Atlas Radio v1.0/Resources/Stations/MY.json,my-melody-fm-malaysia,Melody FM Malaysia,https://n09.rcs.revma.com/2u1n6dtbv4uvv/9_11l86ncot7z1w02/playlist.m3u8,https://n09.rcs.revma.com/2u1n6dtbv4uvv/9_11l86ncot7z1w02/playlist.m3u8,skipped,not_http
/Users/norgik/Desktop/Atlas Radio v1.0/Atlas Radio v1.0/Resources/Stations/MY.json,my-jei-fm-klang-tamil-radio,Jei FM Klang Tamil Radio,https://usa3.fastcast4u.com/proxy/jeifm?mp=/1,https://usa3.fastcast4u.com/proxy/jeifm?mp=/1,skipped,not_http
/Users/norgik/Desktop/Atlas Radio v1.0/Atlas Radio v1.0/Resources/Stations/MY.json,my-klasik-fm-101-1-mhz,"Klasik FM 101,1 MHz",http://playerservices.streamtheworld.com/api/livestream-redirect/RADIO_KLASIK.mp3,https://28153.live.streamtheworld.com:443/RADIO_KLASIK.mp3,upgraded,ok
/Users/norgik/Desktop/Atlas Radio v1.0/Atlas Radio v1.0/Resources/Stations/MY.json,my-988-fm,988 FM,https://28103.live.streamtheworld.com/988_FMAAC.aac,https://28103.live.streamtheworld.com/988_FMAAC.aac,skipped,not_http
/Users/norgik/Desktop/Atlas Radio v1.0/Atlas Radio v1.0/Resources/Stations/MY.json,my-sinar-fm,Sinar FM,https://n08a-eu.rcs.revma.com/azatk0tbv4uvv/8_1ksmof3jo7vso02/playlist.m3u8,https://n08a-eu.rcs.revma.com/azatk0tbv4uvv/8_1ksmof3jo7vso02/playlist.m3u8,skipped,not_http
/Users/norgik/Desktop/Atlas Radio v1.0/Atlas Radio v1.0/Resources/Stations/MY.json,my-myfm-101-80,MYFM (101.80),https://n38a-eu.rcs.revma.com/hc3unrtbv4uvv/56_1t996oveblvvv02/playlist.m3u8?rj-ttl=5&rj-tok=AAABjmQzlooA5VQ0LCn-yOlhmQ,https://n38a-eu.rcs.revma.com/hc3unrtbv4uvv/56_1t996oveblvvv02/playlist.m3u8?rj-ttl=5&rj-tok=AAABjmQzlooA5VQ0LCn-yOlhmQ,skipped,not_http
/Users/norgik/Desktop/Atlas Radio v1.0/Atlas Radio v1.0/Resources/Stations/MY.json,my-hitz-malaysia-s-1-hit-music-station-all-the-hitz-all-the-time,"HITZ | Malaysia's #1 Hit Music Station - All the hitz, all the time!",https://stream-eu-a.rcs.revma.com/488kt4sbv4uvv/68_1txzsglqw5l3t02/playlist.m3u8,https://stream-eu-a.rcs.revma.com/488kt4sbv4uvv/68_1txzsglqw5l3t02/playlist.m3u8,skipped,not_http
/Users/norgik/Desktop/Atlas Radio v1.0/Atlas Radio v1.0/Resources/Stations/MY.json,my-ai-fm,ai fm,https://playerservices.streamtheworld.com/api/livestream-redirect/AI_FMAAC_SC,https://playerservices.streamtheworld.com/api/livestream-redirect/AI_FMAAC_SC,skipped,not_http
/Users/norgik/Desktop/Atlas Radio v1.0/Atlas Radio v1.0/Resources/Stations/MY.json,my-kelantan-fm,Kelantan FM,https://playerservices.streamtheworld.com/api/livestream-redirect/KELANTAN_FMAAC.aac,https://playerservices.streamtheworld.com/api/livestream-redirect/KELANTAN_FMAAC.aac,skipped,not_http
/Users/norgik/Desktop/Atlas Radio v1.0/Atlas Radio v1.0/Resources/Stations/MY.json,my-gegar-musik-fm,Gegar Musik FM,http://167.114.131.90:5316/stream/1/,http://167.114.131.90:5316/stream/1/,failed,exception:ConnectionError
/Users/norgik/Desktop/Atlas Radio v1.0/Atlas Radio v1.0/Resources/Stations/MY.json,my-nasional-fm-88-5-mhz,"Nasional FM 88,5 MHz",http://playerservices.streamtheworld.com/api/livestream-redirect/NASIONAL_FM.mp3,https://22283.live.streamtheworld.com:443/NASIONAL_FM.mp3,upgraded,ok
/Users/norgik/Desktop/Atlas Radio v1.0/Atlas Radio v1.0/Resources/Stations/MY.json,my-mix-94-5-fm-malaysia,MIX 94.5 FM Malaysia,https://n28a-eu.rcs.revma.com/v5pq3htbv4uvv/40_wqselj3z5ieg02/playlist.m3u8?rj-ttl=5&rj-tok=AAABjkaPjccA_nBeuk7GvQZBZg,https://n28a-eu.rcs.revma.com/v5pq3htbv4uvv/40_wqselj3z5ieg02/playlist.m3u8?rj-ttl=5&rj-tok=AAABjkaPjccA_nBeuk7GvQZBZg,skipped,not_http
/Users/norgik/Desktop/Atlas Radio v1.0/Atlas Radio v1.0/Resources/Stations/MY.json,my-thr-gegar-pilihan-1-pantai-timur,THR Gegar Pilihan #1 Pantai Timur,https://stream-eu-a.rcs.revma.com/cn0zcqsbv4uvv/36_1nbhrvq7qpz1h02/playlist.m3u8,https://stream-eu-a.rcs.revma.com/cn0zcqsbv4uvv/36_1nbhrvq7qpz1h02/playlist.m3u8,skipped,not_http
/Users/norgik/Desktop/Atlas Radio v1.0/Atlas Radio v1.0/Resources/Stations/MY.json,my-my-fm,MY FM,https://n38a-eu.rcs.revma.com/hc3unrtbv4uvv/56_1t996oveblvvv02/playlist.m3u8?rj-ttl=5&rj-tok=AAABkBt1aCUAlkmmsnXss9i2gw,https://n38a-eu.rcs.revma.com/hc3unrtbv4uvv/56_1t996oveblvvv02/playlist.m3u8?rj-ttl=5&rj-tok=AAABkBt1aCUAlkmmsnXss9i2gw,skipped,not_http
/Users/norgik/Desktop/Atlas Radio v1.0/Atlas Radio v1.0/Resources/Stations/MY.json,my-station,اذاعة القرآن الكريم,http://stream.radiojar.com/0tpy1h0kxtzuv,http://stream.radiojar.com/0tpy1h0kxtzuv,failed,http_error:404
/Users/norgik/Desktop/Atlas Radio v1.0/Atlas Radio v1.0/Resources/Stations/MY.json,my-radio-rosak,Radio Rosak,https://radiorosak.radioca.st/stream,https://radiorosak.radioca.st/stream,skipped,not_http
/Users/norgik/Desktop/Atlas Radio v1.0/Atlas Radio v1.0/Resources/Stations/MY.json,my-skychatzfm,SkyChatzFM,http://java.skychatz.org:8080/;stream/1,http://java.skychatz.org:8080/;stream/1,failed,exception:ConnectionError
/Users/norgik/Desktop/Atlas Radio v1.0/Atlas Radio v1.0/Resources/Stations/MY.json,my-era-fm,ERA FM,https://n17a-eu.rcs.revma.com/crec9cmbv4uvv/23_11p2ghidfhj2d02/playlist.m3u8?rj-ttl=5&rj-tok=AAABlF2WiCgAJUPufokb6G0b3Q,https://n17a-eu.rcs.revma.com/crec9cmbv4uvv/23_11p2ghidfhj2d02/playlist.m3u8?rj-ttl=5&rj-tok=AAABlF2WiCgAJUPufokb6G0b3Q,skipped,not_http
/Users/norgik/Desktop/Atlas Radio v1.0/Atlas Radio v1.0/Resources/Stations/NG.json,ng-rfi-haoussa,RFI Haoussa,http://live02.rfi.fr/rfihaoussa-96k.mp3,http://live02.rfi.fr/rfihaoussa-96k.mp3,failed,ssl_error
/Users/norgik/Desktop/Atlas Radio v1.0/Atlas Radio v1.0/Resources/Stations/NG.json,ng-nigerian-gospel-music-radio-mp3,Nigerian Gospel Music Radio (MP3),http://stream.zeno.fm/3fmqr74a7f8uv,https://stream-159.zeno.fm/3fmqr74a7f8uv?zt=eyJhbGciOiJIUzI1NiJ9.eyJzdHJlYW0iOiIzZm1xcjc0YTdmOHV2IiwiaG9zdCI6InN0cmVhbS0xNTkuemVuby5mbSIsInJ0dGwiOjUsImp0aSI6IkVTYkpFT1I2UldpYzByYnNTTUtJYmciLCJpYXQiOjE3NzI1NjYzOTEsImV4cCI6MTc3MjU2NjQ1MX0.JTlLI9p4xUJiolp8JDdtlTqaAV_EUUC8lg8SjMOP47s,upgraded,ok
/Users/norgik/Desktop/Atlas Radio v1.0/Atlas Radio v1.0/Resources/Stations/NG.json,ng-radio-east,Radio East,http://stream.zeno.fm/7f4w4us5wp8uv,https://stream-179.zeno.fm/7f4w4us5wp8uv?zt=eyJhbGciOiJIUzI1NiJ9.eyJzdHJlYW0iOiI3ZjR3NHVzNXdwOHV2IiwiaG9zdCI6InN0cmVhbS0xNzkuemVuby5mbSIsInJ0dGwiOjUsImp0aSI6IlUtVTNzNDBBVDV1aTdLejlzZFpQekEiLCJpYXQiOjE3NzI1NjYzOTUsImV4cCI6MTc3MjU2NjQ1NX0.pvtpuRUPjza89cbo8QbOl_nOlyLTx9Zii1sOAnA38bE,upgraded,ok
/Users/norgik/Desktop/Atlas Radio v1.0/Atlas Radio v1.0/Resources/Stations/NG.json,ng-metro-fm-lagos,METRO FM LAGOS,https://go.webgateready.com/metrofm/radio.mp3,https://go.webgateready.com/metrofm/radio.mp3,skipped,not_http
/Users/norgik/Desktop/Atlas Radio v1.0/Atlas Radio v1.0/Resources/Stations/NG.json,ng-majorfm,MajorFM,http://stream.zeno.fm/pkza99xshkhvv,https://stream-178.zeno.fm/pkza99xshkhvv?zt=eyJhbGciOiJIUzI1NiJ9.eyJzdHJlYW0iOiJwa3phOTl4c2hraHZ2IiwiaG9zdCI6InN0cmVhbS0xNzguemVuby5mbSIsInJ0dGwiOjUsImp0aSI6ImxxYkFyVFE3U1BPV0d0YlRvNUFxeHciLCJpYXQiOjE3NzI1NjYzOTgsImV4cCI6MTc3MjU2NjQ1OH0.YAhgR6V3QBe1nMAiCD254eocFNCnW-7QcayWcYj_hj0,upgraded,ok
/Users/norgik/Desktop/Atlas Radio v1.0/Atlas Radio v1.0/Resources/Stations/NG.json,ng-splash-fm-105-5,Splash FM 105.5,https://edge.mixlr.com/channel/cfeki,https://edge.mixlr.com/channel/cfeki,skipped,not_http
/Users/norgik/Desktop/Atlas Radio v1.0/Atlas Radio v1.0/Resources/Stations/NG.json,ng-inform-me-radio,Inform Me Radio,http://stream.zeno.fm/ta1fke6sz1zuv,https://stream-176.zeno.fm/ta1fke6sz1zuv?zt=eyJhbGciOiJIUzI1NiJ9.eyJzdHJlYW0iOiJ0YTFma2U2c3oxenV2IiwiaG9zdCI6InN0cmVhbS0xNzYuemVuby5mbSIsInJ0dGwiOjUsImp0aSI6IkNmQzdwWHNTUzJpVE1RdFVweUMyOEEiLCJpYXQiOjE3NzI1NjY0MDAsImV4cCI6MTc3MjU2NjQ2MH0.pNeyWURXDJm771cdfqIeL-EIfvp4LyNFsXLXX_OO8Bw,upgraded,ok
/Users/norgik/Desktop/Atlas Radio v1.0/Atlas Radio v1.0/Resources/Stations/NG.json,ng-urban-radio-enugu,URBAN RADIO ENUGU,https://edge.mixlr.com/channel/cfldr,https://edge.mixlr.com/channel/cfldr,skipped,not_http
/Users/norgik/Desktop/Atlas Radio v1.0/Atlas Radio v1.0/Resources/Stations/NG.json,ng-gospotainment-radio,Gospotainment Radio,https://radio.gotright.net/radio/8000/radio.mp3,https://radio.gotright.net/radio/8000/radio.mp3,skipped,not_http
/Users/norgik/Desktop/Atlas Radio v1.0/Atlas Radio v1.0/Resources/Stations/NG.json,ng-nagari-radio,Nagari Radio,http://stream.zeno.fm/287z97ksdg8uv,https://stream-178.zeno.fm/287z97ksdg8uv?zt=eyJhbGciOiJIUzI1NiJ9.eyJzdHJlYW0iOiIyODd6OTdrc2RnOHV2IiwiaG9zdCI6InN0cmVhbS0xNzguemVuby5mbSIsInJ0dGwiOjUsImp0aSI6IlNHdVRWM2FuU05xblFjcVl1OUVEdWciLCJpYXQiOjE3NzI1NjY0MDMsImV4cCI6MTc3MjU2NjQ2M30.H2_KAytwnq0ya4Q3H7mXVhfsLZwLx2Hyij8lu7C5piw,upgraded,ok
/Users/norgik/Desktop/Atlas Radio v1.0/Atlas Radio v1.0/Resources/Stations/NG.json,ng-the-today-africa-radio,The Today Africa Radio ,http://stream.zeno.fm/e66eb3qmg48uv,https://stream-176.zeno.fm/e66eb3qmg48uv?zt=eyJhbGciOiJIUzI1NiJ9.eyJzdHJlYW0iOiJlNjZlYjNxbWc0OHV2IiwiaG9zdCI6InN0cmVhbS0xNzYuemVuby5mbSIsInJ0dGwiOjUsImp0aSI6IjlSUVZHb1VJU2dHb29BeDVyalpfaWciLCJpYXQiOjE3NzI1NjY0MDYsImV4cCI6MTc3MjU2NjQ2Nn0.IO4m3AE7vJdS9y80a0WG9Q-hDVwtQL4qxHNgnWeedcw,upgraded,ok
/Users/norgik/Desktop/Atlas Radio v1.0/Atlas Radio v1.0/Resources/Stations/NG.json,ng-yes-fm-101-7,Yes FM 101.7,https://stream.zeno.fm/kqgbf9g3mfhvv,https://stream.zeno.fm/kqgbf9g3mfhvv,skipped,not_http
/Users/norgik/Desktop/Atlas Radio v1.0/Atlas Radio v1.0/Resources/Stations/NG.json,ng-radiotiwa,RadioTiwa,https://stream.zeno.fm/tvqvamkwe5zuv,https://stream.zeno.fm/tvqvamkwe5zuv,skipped,not_http
/Users/norgik/Desktop/Atlas Radio v1.0/Atlas Radio v1.0/Resources/Stations/NG.json,ng-bond-92-9-fm,Bond 92.9 FM,https://go.webgateready.com/bondfm,https://go.webgateready.com/bondfm,skipped,not_http
/Users/norgik/Desktop/Atlas Radio v1.0/Atlas Radio v1.0/Resources/Stations/NG.json,ng-radio-quran,#Radio Quran,https://n0a.radiojar.com/0tpy1h0kxtzuv?rj-ttl=5&rj-tok=AAABhdgGORQA-2acfyF3_4WY2g,https://n0a.radiojar.com/0tpy1h0kxtzuv?rj-ttl=5&rj-tok=AAABhdgGORQA-2acfyF3_4WY2g,skipped,not_http
/Users/norgik/Desktop/Atlas Radio v1.0/Atlas Radio v1.0/Resources/Stations/NG.json,ng-awoko-radio,Awoko Radio,http://node-05.zeno.fm/tqq99en94v8uv,https://stream-176.zeno.fm/tqq99en94v8uv?zt=eyJhbGciOiJIUzI1NiJ9.eyJzdHJlYW0iOiJ0cXE5OWVuOTR2OHV2IiwiaG9zdCI6InN0cmVhbS0xNzYuemVuby5mbSIsInJ0dGwiOjUsImp0aSI6IkZKa3ZwdEluVF9HZFpCajdhU3VrT0EiLCJpYXQiOjE3NzI1NjY0MDksImV4cCI6MTc3MjU2NjQ2OX0.ggac-CQJ9Y_vNyTk_-RdqxowxihsJo117ROQiX7pfZs,upgraded,ok
/Users/norgik/Desktop/Atlas Radio v1.0/Atlas Radio v1.0/Resources/Stations/NG.json,ng-afrobeats-gospel-radio,Afrobeats Gospel Radio,https://stream.zeno.fm/zyd9stmdlnlvv,https://stream.zeno.fm/zyd9stmdlnlvv,skipped,not_http
/Users/norgik/Desktop/Atlas Radio v1.0/Atlas Radio v1.0/Resources/Stations/NG.json,ng-gangan-radio,GanGan Radio,https://stream.zeno.fm/9reuhyz8up8uv,https://stream.zeno.fm/9reuhyz8up8uv,skipped,not_http
/Users/norgik/Desktop/Atlas Radio v1.0/Atlas Radio v1.0/Resources/Stations/NG.json,ng-adamimogo-fm,Adamimogo FM,http://stream.zeno.fm/sywy4vua6zhvv,https://stream-156.zeno.fm/sywy4vua6zhvv?zt=eyJhbGciOiJIUzI1NiJ9.eyJzdHJlYW0iOiJzeXd5NHZ1YTZ6aHZ2IiwiaG9zdCI6InN0cmVhbS0xNTYuemVuby5mbSIsInJ0dGwiOjUsImp0aSI6ImdnNFRiUE12VHNPTlVTcXNrOEx6ZVEiLCJpYXQiOjE3NzI1NjY0MTIsImV4cCI6MTc3MjU2NjQ3Mn0.v5fR5SBwxUQWsx0Mv7yL7w2_tuzBdFeehh3qqi3bGOY,upgraded,ok
/Users/norgik/Desktop/Atlas Radio v1.0/Atlas Radio v1.0/Resources/Stations/NL.json,nl-intense-radio-we-love-dance-hq-flac,Intense Radio - We love Dance #HQ# FLAC,http://secure.live-streams.nl/flac.ogg,http://secure.live-streams.nl/flac.ogg,failed,http_error:400
/Users/norgik/Desktop/Atlas Radio v1.0/Atlas Radio v1.0/Resources/Stations/NL.json,nl-intense-radio-we-love-dance-256k,Intense Radio - We love Dance 256k,http://intenseradio.live-streams.nl:8000/main,http://intenseradio.live-streams.nl:8000/main,failed,ssl_error
/Users/norgik/Desktop/Atlas Radio v1.0/Atlas Radio v1.0/Resources/Stations/NL.json,nl-npo-radio-1,NPO Radio 1,http://icecast.omroep.nl/radio1-bb-mp3,https://icecast.omroep.nl/radio1-bb-mp3,upgraded,ok
/Users/norgik/Desktop/Atlas Radio v1.0/Atlas Radio v1.0/Resources/Stations/NL.json,nl-npo-radio-2,NPO Radio 2,http://icecast.omroep.nl/radio2-bb-mp3,https://icecast.omroep.nl/radio2-bb-mp3,upgraded,ok
/Users/norgik/Desktop/Atlas Radio v1.0/Atlas Radio v1.0/Resources/Stations/NL.json,nl-arrow-classic-rock,Arrow Classic Rock,http://stream.gal.io/arrow,https://stream.gal.io/arrow,upgraded,ok
/Users/norgik/Desktop/Atlas Radio v1.0/Atlas Radio v1.0/Resources/Stations/NL.json,nl-radio-10,Radio 10,http://playerservices.streamtheworld.com/api/livestream-redirect/RADIO10.mp3,https://25453.live.streamtheworld.com:443/RADIO10.mp3,upgraded,ok
/Users/norgik/Desktop/Atlas Radio v1.0/Atlas Radio v1.0/Resources/Stations/NL.json,nl-hi-on-line-lounge-radio,Hi On Line Lounge Radio,http://mediaserv33.live-streams.nl:8036/live,https://mediaserv33.live-streams.nl:8036/live,upgraded,ok
/Users/norgik/Desktop/Atlas Radio v1.0/Atlas Radio v1.0/Resources/Stations/NL.json,nl-npo-radio-5,NPO Radio 5,https://icecast.omroep.nl/radio5-bb-mp3,https://icecast.omroep.nl/radio5-bb-mp3,skipped,not_http
/Users/norgik/Desktop/Atlas Radio v1.0/Atlas Radio v1.0/Resources/Stations/NL.json,nl-npo-radio-2-soul-jazz,NPO Radio 2 Soul & Jazz,http://icecast.omroep.nl/radio6-bb-mp3,https://icecast.omroep.nl/radio6-bb-mp3,upgraded,ok
/Users/norgik/Desktop/Atlas Radio v1.0/Atlas Radio v1.0/Resources/Stations/NL.json,nl-concertzender-baroque,Concertzender Baroque,http://streams.greenhost.nl:8080/barok,http://streams.greenhost.nl:8080/barok,failed,timeout
/Users/norgik/Desktop/Atlas Radio v1.0/Atlas Radio v1.0/Resources/Stations/NL.json,nl-slam,SLAM!,http://stream.slam.nl/slam,https://25283.live.streamtheworld.com/SLAM_MP3_SC,upgraded,ok
/Users/norgik/Desktop/Atlas Radio v1.0/Atlas Radio v1.0/Resources/Stations/NL.json,nl-sky-radio-80-s-hits,Sky Radio 80's Hits,http://playerservices.streamtheworld.com/api/livestream-redirect/SRGSTR04.mp3,https://25243.live.streamtheworld.com:443/SRGSTR04.mp3,upgraded,ok
/Users/norgik/Desktop/Atlas Radio v1.0/Atlas Radio v1.0/Resources/Stations/NL.json,nl-qmusic,Qmusic,https://icecast-qmusicnl-cdp.triple-it.nl/Qmusic_nl_live_96.mp3,https://icecast-qmusicnl-cdp.triple-it.nl/Qmusic_nl_live_96.mp3,skipped,not_http
/Users/norgik/Desktop/Atlas Radio v1.0/Atlas Radio v1.0/Resources/Stations/NL.json,nl-fantasy-italo-dance-90s-radio,Fantasy Italo Dance 90s radio,https://mscp2.live-streams.nl:8152/italodance,https://mscp2.live-streams.nl:8152/italodance,skipped,not_http
/Users/norgik/Desktop/Atlas Radio v1.0/Atlas Radio v1.0/Resources/Stations/NL.json,nl-c-dance-retro,C-Dance RETRO,http://s45.myradiostream.com:18304/,http://s45.myradiostream.com:18304/,failed,exception:ConnectionError
/Users/norgik/Desktop/Atlas Radio v1.0/Atlas Radio v1.0/Resources/Stations/NL.json,nl-hi-on-line-jazz-radio,Hi On Line Jazz Radio,http://mediaserv38.live-streams.nl:8006/,http://mediaserv38.live-streams.nl:8006/,failed,timeout
/Users/norgik/Desktop/Atlas Radio v1.0/Atlas Radio v1.0/Resources/Stations/NL.json,nl-npo-radio-4,NPO Radio 4,http://icecast.omroep.nl/radio4-bb-mp3,https://icecast.omroep.nl/radio4-bb-mp3,upgraded,ok
/Users/norgik/Desktop/Atlas Radio v1.0/Atlas Radio v1.0/Resources/Stations/NL.json,nl-radio-continu,Radio Continu,http://stream.radiocontinu.nl/radiocontinu,https://stream.radiocontinu.nl/radiocontinu,upgraded,ok
/Users/norgik/Desktop/Atlas Radio v1.0/Atlas Radio v1.0/Resources/Stations/NL.json,nl-npo-3fm-serious-radio,NPO 3FM Serious Radio,http://icecast.omroep.nl/3fm-bb-mp3,https://icecast.omroep.nl/3fm-bb-mp3,upgraded,ok
/Users/norgik/Desktop/Atlas Radio v1.0/Atlas Radio v1.0/Resources/Stations/NO.json,rb-be930f76-8b01-4d51-9863-4b5a8c64897a,1-NRK Jazz,https://cdn0-47115-liveicecast0.dna.contentdelivery.net/jazz_mp3_h,https://cdn0-47115-liveicecast0.dna.contentdelivery.net/jazz_mp3_h,skipped,not_http
/Users/norgik/Desktop/Atlas Radio v1.0/Atlas Radio v1.0/Resources/Stations/NO.json,rb-5a673cf3-a64a-4685-a721-e335d5370779,1FM Molde,https://s2.radio.co/s914ffa700/listen,https://s2.radio.co/s914ffa700/listen,skipped,not_http
/Users/norgik/Desktop/Atlas Radio v1.0/Atlas Radio v1.0/Resources/Stations/NO.json,rb-2f147458-9d03-47e3-a3c5-50e1c62459f5,5000 Bergen,https://bergen5000.radioca.st/stream,https://bergen5000.radioca.st/stream,skipped,not_http
/Users/norgik/Desktop/Atlas Radio v1.0/Atlas Radio v1.0/Resources/Stations/NO.json,rb-8f0acc25-024b-41d4-b472-5636ed798d68,Guovdageainnu Lagasradio,https://streaming.radio.co/s5b773f8d3/listen,https://streaming.radio.co/s5b773f8d3/listen,skipped,not_http
/Users/norgik/Desktop/Atlas Radio v1.0/Atlas Radio v1.0/Resources/Stations/NO.json,rb-7508f652-57d1-4b63-bd2b-84f4bdfbc632,Hamar Radioen,https://lyd.radioene.no/hamar.mp3,https://lyd.radioene.no/hamar.mp3,skipped,not_http
/Users/norgik/Desktop/Atlas Radio v1.0/Atlas Radio v1.0/Resources/Stations/NO.json,rb-6f4fe23b-25c3-4401-a01e-15bce5da1352,Klem FM,https://p7.p4groupaudio.com/P07_MM,https://p7.p4groupaudio.com/P07_MM,skipped,not_http
/Users/norgik/Desktop/Atlas Radio v1.0/Atlas Radio v1.0/Resources/Stations/NO.json,rb-ede7b712-b68a-11e8-aaf2-52543be04c81,Metal Express Radio,http://s39.myradiostream.com:11590/;,https://s39.myradiostream.com:11590/,upgraded,ok
/Users/norgik/Desktop/Atlas Radio v1.0/Atlas Radio v1.0/Resources/Stations/NO.json,rb-0cb4f6de-8e44-11e8-aa66-52543be04c81,historyradio.org,https://stream.radiojar.com/6bmecgg3wd5tv,https://stream.radiojar.com/6bmecgg3wd5tv,skipped,not_http
/Users/norgik/Desktop/Atlas Radio v1.0/Atlas Radio v1.0/Resources/Stations/NO.json,rb-17be0284-0ab4-453f-9e98-f674df46a919,NRK P3,https://lyd.nrk.no/nrk_radio_p3_mp3_h,https://lyd.nrk.no/nrk_radio_p3_mp3_h,skipped,not_http
/Users/norgik/Desktop/Atlas Radio v1.0/Atlas Radio v1.0/Resources/Stations/NZ.json,nz-magic-fm,Magic FM,https://mediaworks.streamguys1.com/magic_net_icy,https://mediaworks.streamguys1.com/magic_net_icy,skipped,not_http
/Users/norgik/Desktop/Atlas Radio v1.0/Atlas Radio v1.0/Resources/Stations/NZ.json,nz-the-sound,The Sound,https://digitalstreams.mediaworks.nz/sound_net/playlist.m3u8,https://digitalstreams.mediaworks.nz/sound_net/playlist.m3u8,skipped,not_http
/Users/norgik/Desktop/Atlas Radio v1.0/Atlas Radio v1.0/Resources/Stations/NZ.json,nz-the-breeze-934,The Breeze 93.4,https://mediaworks.streamguys1.com/breeze-akl-high_icy,https://mediaworks.streamguys1.com/breeze-akl-high_icy,skipped,not_http
/Users/norgik/Desktop/Atlas Radio v1.0/Atlas Radio v1.0/Resources/Stations/NZ.json,nz-the-hits,The Hits,https://playerservices.streamtheworld.com/api/livestream-redirect/NZME_71AAC.m3u8,https://playerservices.streamtheworld.com/api/livestream-redirect/NZME_71AAC.m3u8,skipped,not_http
/Users/norgik/Desktop/Atlas Radio v1.0/Atlas Radio v1.0/Resources/Stations/NZ.json,nz-coast,Coast FM,https://playerservices.streamtheworld.com/api/livestream-redirect/NZME_07AAC.m3u8,https://playerservices.streamtheworld.com/api/livestream-redirect/NZME_07AAC.m3u8,skipped,not_http
/Users/norgik/Desktop/Atlas Radio v1.0/Atlas Radio v1.0/Resources/Stations/NZ.json,nz-the-edge,The Edge,https://digitalstreams.mediaworks.nz/edge_net/playlist.m3u8,https://digitalstreams.mediaworks.nz/edge_net/playlist.m3u8,skipped,not_http
/Users/norgik/Desktop/Atlas Radio v1.0/Atlas Radio v1.0/Resources/Stations/NZ.json,nz-radio-chinese-fm906,Radio Chinese FM90.6,https://s26.myradiostream.com:20274/listen.mp3,https://s26.myradiostream.com:20274/listen.mp3,skipped,not_http
/Users/norgik/Desktop/Atlas Radio v1.0/Atlas Radio v1.0/Resources/Stations/NZ.json,nz-zm-wellington,ZM Wellington,https://playerservices.streamtheworld.com/api/livestream-redirect/NZME_33AAC.m3u8,https://playerservices.streamtheworld.com/api/livestream-redirect/NZME_33AAC.m3u8,skipped,not_http
/Users/norgik/Desktop/Atlas Radio v1.0/Atlas Radio v1.0/Resources/Stations/NZ.json,nz-mai-fm,Mai FM,https://mediaworks.streamguys1.com/mai_net_icy,https://mediaworks.streamguys1.com/mai_net_icy,skipped,not_http
/Users/norgik/Desktop/Atlas Radio v1.0/Atlas Radio v1.0/Resources/Stations/NZ.json,nz-rnz-national,RNZ National,http://radionz-ice.streamguys.com/national.mp3,http://radionz-ice.streamguys.com/national.mp3,failed,ssl_error
/Users/norgik/Desktop/Atlas Radio v1.0/Atlas Radio v1.0/Resources/Stations/PH.json,ph-dyhp-612-rmn-cebu,DYHP 612 RMN Cebu,https://de3.amfmph.com/ssl/rmncebu?mp=%2Fstream,https://de3.amfmph.com/ssl/rmncebu?mp=%2Fstream,skipped,not_http
/Users/norgik/Desktop/Atlas Radio v1.0/Atlas Radio v1.0/Resources/Stations/PH.json,ph-star-fm-manila,Star FM Manila,https://stream-13.zeno.fm/g1pmt17nz9duv,https://stream-13.zeno.fm/g1pmt17nz9duv,skipped,not_http
/Users/norgik/Desktop/Atlas Radio v1.0/Atlas Radio v1.0/Resources/Stations/PH.json,ph-barangay-ls-97-1-manila,Barangay LS 97.1 Manila,http://28093.live.streamtheworld.com:3690/MORFM_S01AAC_SC,http://28093.live.streamtheworld.com:3690/MORFM_S01AAC_SC,failed,timeout
/Users/norgik/Desktop/Atlas Radio v1.0/Atlas Radio v1.0/Resources/Stations/PH.json,ph-christmas-radio-philippines-powered-by-www-amfmph-net,Christmas Radio Philippines - Powered By www.amfmph.net,https://us1.amfmph.com/ssl/christmasradio?mp=/stream&1641738050672,https://us1.amfmph.com/ssl/christmasradio?mp=/stream&1641738050672,skipped,not_http
/Users/norgik/Desktop/Atlas Radio v1.0/Atlas Radio v1.0/Resources/Stations/PH.json,ph-mor-entertainment,MOR Entertainment,https://stream-37.zeno.fm/26ea0anpms8uv,https://stream-37.zeno.fm/26ea0anpms8uv,skipped,not_http
/Users/norgik/Desktop/Atlas Radio v1.0/Atlas Radio v1.0/Resources/Stations/PH.json,ph-bombo-radyo-iloilo,Bombo Radyo Iloilo,https://stream.zenolive.com/gzudz59nz9duv,https://stream.zenolive.com/gzudz59nz9duv,skipped,not_http
/Users/norgik/Desktop/Atlas Radio v1.0/Atlas Radio v1.0/Resources/Stations/PH.json,ph-win-radio-manila,Win Radio Manila,https://stream-31.zeno.fm/2ss1hgnu6hhvv,https://stream-31.zeno.fm/2ss1hgnu6hhvv,skipped,not_http
/Users/norgik/Desktop/Atlas Radio v1.0/Atlas Radio v1.0/Resources/Stations/PH.json,ph-tunog-pinoy-power-fm,Tunog Pinoy Power FM,http://streamnavs.net:8143/live,https://streamnavs.net:8143/live,upgraded,ok
/Users/norgik/Desktop/Atlas Radio v1.0/Atlas Radio v1.0/Resources/Stations/PH.json,ph-98-3-love-radio-dagupan,98.3 Love Radio Dagupan,https://loveradiodagupan.radioca.st/,https://loveradiodagupan.radioca.st/,skipped,not_http
/Users/norgik/Desktop/Atlas Radio v1.0/Atlas Radio v1.0/Resources/Stations/PH.json,ph-92-3-radyo5-true-fm,92.3 Radyo5 True FM,https://qp-pldt-live-grp-05-prod.akamaized.net/out/u/radyo5_qp.m3u8,https://qp-pldt-live-grp-05-prod.akamaized.net/out/u/radyo5_qp.m3u8,skipped,not_http
/Users/norgik/Desktop/Atlas Radio v1.0/Atlas Radio v1.0/Resources/Stations/PH.json,ph-90s-pinoy-alternative,90s Pinoy Alternative,https://cast3.my-control-panel.com/proxy/ronald/stream,https://cast3.my-control-panel.com/proxy/ronald/stream,skipped,not_http
/Users/norgik/Desktop/Atlas Radio v1.0/Atlas Radio v1.0/Resources/Stations/PH.json,ph-budots-fm-98-9,Budots FM 98.9,https://stream-171.zeno.fm/2uhuu5hvzqzuv?zs=oGfN_quRRSyJUGCfzxagdw,https://stream-171.zeno.fm/2uhuu5hvzqzuv?zs=oGfN_quRRSyJUGCfzxagdw,skipped,not_http
/Users/norgik/Desktop/Atlas Radio v1.0/Atlas Radio v1.0/Resources/Stations/PH.json,ph-wild-fm-manila,Wild FM Manila,https://stream-31.zeno.fm/2ss1hgnu6hhvv,https://stream-31.zeno.fm/2ss1hgnu6hhvv,skipped,not_http
/Users/norgik/Desktop/Atlas Radio v1.0/Atlas Radio v1.0/Resources/Stations/PH.json,ph-dwiz-882,DWIZ 882,http://dwizmanila.radioca.st:9079/stream,http://dwizmanila.radioca.st:9079/stream,failed,exception:ConnectionError
/Users/norgik/Desktop/Atlas Radio v1.0/Atlas Radio v1.0/Resources/Stations/PH.json,ph-dwww-774,DWWW 774,https://stream.zeno.fm/kc3cct89sxquv,https://stream.zeno.fm/kc3cct89sxquv,skipped,not_http
/Users/norgik/Desktop/Atlas Radio v1.0/Atlas Radio v1.0/Resources/Stations/PH.json,ph-love-radio-cebu,Love Radio Cebu,http://loveradiocebu.radioca.st:8033/stream,http://loveradiocebu.radioca.st:8033/stream,failed,exception:ConnectionError
/Users/norgik/Desktop/Atlas Radio v1.0/Atlas Radio v1.0/Resources/Stations/PH.json,ph-mor,MOR,http://22273.live.streamtheworld.com:3690/MORFM_S01_SC,http://22273.live.streamtheworld.com:3690/MORFM_S01_SC,failed,timeout
/Users/norgik/Desktop/Atlas Radio v1.0/Atlas Radio v1.0/Resources/Stations/PH.json,ph-mor-101-9-fm,MOR 101.9 FM,https://playerservices.streamtheworld.com/api/livestream-redirect/MORFM_S01.mp3,https://playerservices.streamtheworld.com/api/livestream-redirect/MORFM_S01.mp3,skipped,not_http
/Users/norgik/Desktop/Atlas Radio v1.0/Atlas Radio v1.0/Resources/Stations/PH.json,ph-100-7-love-radio-lucena,100.7 Love Radio Lucena,https://loveradiolucena.radioca.st/,https://loveradiolucena.radioca.st/,skipped,not_http
/Users/norgik/Desktop/Atlas Radio v1.0/Atlas Radio v1.0/Resources/Stations/PK.json,pk-fm-100-pakistan,FM 100 Pakistan,http://162.244.80.118:4900/;stream.mp3,http://162.244.80.118:4900/;stream.mp3,failed,exception:ConnectionError
/Users/norgik/Desktop/Atlas Radio v1.0/Atlas Radio v1.0/Resources/Stations/PK.json,pk-samaa-fm-107-4,Samaa FM 107.4,https://samaakhi107-itelservices.radioca.st/stream,https://samaakhi107-itelservices.radioca.st/stream,skipped,not_http
/Users/norgik/Desktop/Atlas Radio v1.0/Atlas Radio v1.0/Resources/Stations/PK.json,pk-hot-fm-105,Hot FM 105,http://172.93.237.106:8000/listen.mp3,http://172.93.237.106:8000/listen.mp3,failed,exception:ConnectionError
/Users/norgik/Desktop/Atlas Radio v1.0/Atlas Radio v1.0/Resources/Stations/PK.json,pk-radio-pakistan-multan-mw,Radio Pakistan Multan MW,https://whmsonic.radio.gov.pk:8034/stream,https://whmsonic.radio.gov.pk:8034/stream,skipped,not_http
/Users/norgik/Desktop/Atlas Radio v1.0/Atlas Radio v1.0/Resources/Stations/PK.json,pk-radio-pak-filmi,Radio Pak Filmi,http://s17.ssl-stream.com:8214/stream,http://s17.ssl-stream.com:8214/stream,failed,exception:ConnectionError
/Users/norgik/Desktop/Atlas Radio v1.0/Atlas Radio v1.0/Resources/Stations/PK.json,pk-radio-pakistan-islamabad,Radio Pakistan Islamabad,https://whmsonic.radio.gov.pk:7003/stream,https://whmsonic.radio.gov.pk:7003/stream,skipped,not_http
/Users/norgik/Desktop/Atlas Radio v1.0/Atlas Radio v1.0/Resources/Stations/PK.json,pk-fm-100-pakistan-islamabad,FM 100 Pakistan Islamabad,http://162.244.80.118:4900/stream.mp3?ver=604498,http://162.244.80.118:4900/stream.mp3?ver=604498,failed,exception:ConnectionError
/Users/norgik/Desktop/Atlas Radio v1.0/Atlas Radio v1.0/Resources/Stations/PK.json,pk-fm-100-pakistan-karachi,FM 100 Pakistan Karachi,http://162.244.80.118:3024/stream.mp3?ver=349829,http://162.244.80.118:3024/stream.mp3?ver=349829,failed,exception:ConnectionError
/Users/norgik/Desktop/Atlas Radio v1.0/Atlas Radio v1.0/Resources/Stations/PK.json,pk-radio-pakistan-lahore-news-and-current-affair-am-1332-khz,Radio Pakistan Lahore News and Current Affair AM 1332 KHZ,https://whmsonic.radio.gov.pk:7004/stream?type=http&nocache=12,https://whmsonic.radio.gov.pk:7004/stream?type=http&nocache=12,skipped,not_http
/Users/norgik/Desktop/Atlas Radio v1.0/Atlas Radio v1.0/Resources/Stations/PK.json,pk-fm-101-islamabad,FM 101 Islamabad,https://whmsonic.radio.gov.pk:7008/stream,https://whmsonic.radio.gov.pk:7008/stream,skipped,not_http
/Users/norgik/Desktop/Atlas Radio v1.0/Atlas Radio v1.0/Resources/Stations/PK.json,pk-city-fm-89,City FM 89,https://radio.cityfm89.com/stream,https://radio.cityfm89.com/stream,skipped,not_http
/Users/norgik/Desktop/Atlas Radio v1.0/Atlas Radio v1.0/Resources/Stations/PK.json,pk-fm-93-rawalpindi,FM 93 Rawalpindi,https://whmsonic.radio.gov.pk:8036/relay,https://whmsonic.radio.gov.pk:8036/relay,skipped,not_http
/Users/norgik/Desktop/Atlas Radio v1.0/Atlas Radio v1.0/Resources/Stations/PK.json,pk-fm-100-pakistan-abbottabad,FM 100 Pakistan Abbottabad,http://162.244.80.118:4900/stream.mp3,http://162.244.80.118:4900/stream.mp3,failed,exception:ConnectionError
/Users/norgik/Desktop/Atlas Radio v1.0/Atlas Radio v1.0/Resources/Stations/PK.json,pk-radio-pakistan-world-service,Radio Pakistan World Service,https://whmsonic.radio.gov.pk:7005/stream,https://whmsonic.radio.gov.pk:7005/stream,skipped,not_http
/Users/norgik/Desktop/Atlas Radio v1.0/Atlas Radio v1.0/Resources/Stations/PK.json,pk-hum-fm-106-2,Hum FM 106.2,https://server.mediacast4u.stream/8002/stream,https://server.mediacast4u.stream/8002/stream,skipped,not_http
/Users/norgik/Desktop/Atlas Radio v1.0/Atlas Radio v1.0/Resources/Stations/PK.json,pk-radio-pakistan-hyderabad-mw-1008-khz,Radio Pakistan Hyderabad MW 1008 KHz,https://whmsonic.radio.gov.pk:8042/stream,https://whmsonic.radio.gov.pk:8042/stream,skipped,not_http
/Users/norgik/Desktop/Atlas Radio v1.0/Atlas Radio v1.0/Resources/Stations/PK.json,pk-hot-fm-karachi,HOT FM Karachi,http://172.93.237.106:8000/,http://172.93.237.106:8000/,failed,exception:ConnectionError
/Users/norgik/Desktop/Atlas Radio v1.0/Atlas Radio v1.0/Resources/Stations/PK.json,pk-fm-100-pakistan-hyderabad,FM 100 Pakistan Hyderabad,http://162.244.80.118:3024/stream.mp3?ver=517748,http://162.244.80.118:3024/stream.mp3?ver=517748,failed,exception:ConnectionError
/Users/norgik/Desktop/Atlas Radio v1.0/Atlas Radio v1.0/Resources/Stations/PK.json,pk-fm-100-pakistan-gujrat,FM 100 Pakistan Gujrat,http://162.244.80.118:4900/stream.mp3?ver=682776,http://162.244.80.118:4900/stream.mp3?ver=682776,failed,exception:ConnectionError
/Users/norgik/Desktop/Atlas Radio v1.0/Atlas Radio v1.0/Resources/Stations/PK.json,pk-fm-93-lahore,FM 93 Lahore,https://whmsonic.radio.gov.pk:8088/stream,https://whmsonic.radio.gov.pk:8088/stream,skipped,not_http
/Users/norgik/Desktop/Atlas Radio v1.0/Atlas Radio v1.0/Resources/Stations/PL.json,pl-rmf-fm,RMF FM,http://195.150.20.242:8000/rmf_fm,http://195.150.20.242:8000/rmf_fm,failed,ssl_error
/Users/norgik/Desktop/Atlas Radio v1.0/Atlas Radio v1.0/Resources/Stations/PL.json,pl-radio-zet,Radio Zet,http://zet-net-01.cdn.eurozet.pl:8400/,http://zet-net-01.cdn.eurozet.pl:8400/,failed,ssl_error
/Users/norgik/Desktop/Atlas Radio v1.0/Atlas Radio v1.0/Resources/Stations/PL.json,pl-antyradio,Antyradio,https://n-4-2.dcs.redcdn.pl/sc/o2/Eurozet/live/antyradio.livx?audio=5,https://n-4-2.dcs.redcdn.pl/sc/o2/Eurozet/live/antyradio.livx?audio=5,skipped,not_http
/Users/norgik/Desktop/Atlas Radio v1.0/Atlas Radio v1.0/Resources/Stations/PL.json,pl-polskie-radio-24,Polskie Radio 24,http://stream3.polskieradio.pl:8080/;.mp3,http://stream3.polskieradio.pl:8080/;.mp3,failed,exception:ConnectionError
/Users/norgik/Desktop/Atlas Radio v1.0/Atlas Radio v1.0/Resources/Stations/PL.json,pl-polskie-radio-jedynka,Polskie Radio Jedynka,http://mp3.polskieradio.pl:8900/;.mp3,http://mp3.polskieradio.pl:8900/;.mp3,failed,exception:ConnectionError
/Users/norgik/Desktop/Atlas Radio v1.0/Atlas Radio v1.0/Resources/Stations/PL.json,pl-rmf-classic,RMF Classic,http://31.192.216.8/RMFCLASSIC48,http://31.192.216.8/RMFCLASSIC48,failed,ssl_error
/Users/norgik/Desktop/Atlas Radio v1.0/Atlas Radio v1.0/Resources/Stations/PL.json,pl-rmf-polskie-przeboje,RMF Polskie przeboje,http://195.150.20.8/PPRZEBOJE,http://195.150.20.8/PPRZEBOJE,failed,ssl_error
/Users/norgik/Desktop/Atlas Radio v1.0/Atlas Radio v1.0/Resources/Stations/PL.json,pl-radioparty-pl-dj-mixes-party,Radioparty.pl Dj Mixes Party,http://djmixes.radioparty.pl:8035/,http://djmixes.radioparty.pl:8035/,failed,ssl_error
/Users/norgik/Desktop/Atlas Radio v1.0/Atlas Radio v1.0/Resources/Stations/PL.json,pl-radio-rmf-maxxx,Radio RMF MAXXX,https://rs9-krk2-cyfronet.rmfstream.pl/RMFMAXXX48,https://rs9-krk2-cyfronet.rmfstream.pl/RMFMAXXX48,skipped,not_http
/Users/norgik/Desktop/Atlas Radio v1.0/Atlas Radio v1.0/Resources/Stations/PL.json,pl-rmf-90s,RMF 90s,http://31.192.216.7/90S,http://31.192.216.7/90S,failed,ssl_error
/Users/norgik/Desktop/Atlas Radio v1.0/Atlas Radio v1.0/Resources/Stations/PL.json,pl-rmf-dance,RMF Dance,http://31.192.216.10/DANCE,http://31.192.216.10/DANCE,failed,ssl_error
/Users/norgik/Desktop/Atlas Radio v1.0/Atlas Radio v1.0/Resources/Stations/PL.json,pl-trojka,Trojka,http://stream3.polskieradio.pl:8904/,http://stream3.polskieradio.pl:8904/,failed,exception:ConnectionError
/Users/norgik/Desktop/Atlas Radio v1.0/Atlas Radio v1.0/Resources/Stations/PL.json,pl-tok-fm,TOK FM,https://radiostream.pl/tuba10-1.mp3#TOK_FM,https://radiostream.pl/tuba10-1.mp3#TOK_FM,skipped,not_http
/Users/norgik/Desktop/Atlas Radio v1.0/Atlas Radio v1.0/Resources/Stations/PL.json,pl-polskie-radio-program-1,Polskie Radio Program 1,http://mp3.polskieradio.pl:8900/,http://mp3.polskieradio.pl:8900/,failed,exception:ConnectionError
/Users/norgik/Desktop/Atlas Radio v1.0/Atlas Radio v1.0/Resources/Stations/PL.json,pl-polskie-radio-czw-rka-program-4-aac,Polskie Radio - Czwórka (Program 4) (AAC+),http://stream3.polskieradio.pl:8956/;,http://stream3.polskieradio.pl:8956/;,failed,exception:ConnectionError
/Users/norgik/Desktop/Atlas Radio v1.0/Atlas Radio v1.0/Resources/Stations/PL.json,pl-radio-357,Radio 357,https://n-11-21.dcs.redcdn.pl/sc/o2/radio357/live/radio357_pr.livx?preroll=0,https://n-11-21.dcs.redcdn.pl/sc/o2/radio357/live/radio357_pr.livx?preroll=0,skipped,not_http
/Users/norgik/Desktop/Atlas Radio v1.0/Atlas Radio v1.0/Resources/Stations/PL.json,pl-rmf-80s-disco,RMF 80s Disco,http://195.150.20.9/80SDISCO,http://195.150.20.9/80SDISCO,failed,ssl_error
/Users/norgik/Desktop/Atlas Radio v1.0/Atlas Radio v1.0/Resources/Stations/PL.json,pl-radio-wnet,Radio Wnet,http://audio.radiownet.pl:8000/stream,http://audio.radiownet.pl:8000/stream,failed,timeout
/Users/norgik/Desktop/Atlas Radio v1.0/Atlas Radio v1.0/Resources/Stations/PT.json,pt-orbital,ORBITAL,http://centova.radios.pt:8401/;listen.pls,http://centova.radios.pt:8401/;listen.pls,failed,exception:ConnectionError
/Users/norgik/Desktop/Atlas Radio v1.0/Atlas Radio v1.0/Resources/Stations/PT.json,pt-antena-1-portugal,Antena 1 (Portugal),http://streaming-live-app.rtp.pt/liveradio/antena180a/playlist.m3u8,https://streaming-live-app.rtp.pt/liveradio/antena180a/playlist.m3u8,upgraded,ok
/Users/norgik/Desktop/Atlas Radio v1.0/Atlas Radio v1.0/Resources/Stations/PT.json,pt-rfm,RFM,https://23603.live.streamtheworld.com/RFMAAC.aac,https://23603.live.streamtheworld.com/RFMAAC.aac,skipped,not_http
/Users/norgik/Desktop/Atlas Radio v1.0/Atlas Radio v1.0/Resources/Stations/PT.json,pt-r-dio-observador,Rádio Observador,http://195.23.85.126:8455/stream,http://195.23.85.126:8455/stream,failed,exception:ConnectionError
/Users/norgik/Desktop/Atlas Radio v1.0/Atlas Radio v1.0/Resources/Stations/PT.json,pt-r-dio-renascen-a,Rádio Renascença,http://22653.live.streamtheworld.com/RADIO_RENASCENCA_SC,https://22653.live.streamtheworld.com/RADIO_RENASCENCA_SC,upgraded,ok
/Users/norgik/Desktop/Atlas Radio v1.0/Atlas Radio v1.0/Resources/Stations/PT.json,pt-rdp-africa-portugal,RDP Africa (Portugal),https://streaming-live.rtp.pt/liveradio/rdpafrica80a/playlist.m3u8,https://streaming-live.rtp.pt/liveradio/rdpafrica80a/playlist.m3u8,skipped,not_http
/Users/norgik/Desktop/Atlas Radio v1.0/Atlas Radio v1.0/Resources/Stations/PT.json,pt-mega-hits,Mega Hits,http://22333.live.streamtheworld.com:3690/MEGA_HITS_SC,http://22333.live.streamtheworld.com:3690/MEGA_HITS_SC,failed,timeout
/Users/norgik/Desktop/Atlas Radio v1.0/Atlas Radio v1.0/Resources/Stations/PT.json,pt-rap-hip-hop,Rap/Hip Hop,http://185.32.188.17:8097/stream,http://185.32.188.17:8097/stream,failed,timeout
/Users/norgik/Desktop/Atlas Radio v1.0/Atlas Radio v1.0/Resources/Stations/PT.json,pt-top-80-todos-os-exitos-de-80-a-2000,TOP 80 - Todos Os Exitos De 80 A 2000,http://live.top80.fm:8086/,http://live.top80.fm:8086/,failed,exception:ConnectionError
/Users/norgik/Desktop/Atlas Radio v1.0/Atlas Radio v1.0/Resources/Stations/PT.json,pt-r-dio-am-lia,Rádio Amália,http://centova.radio.com.pt:9496/;,http://centova.radio.com.pt:9496/;,failed,exception:ConnectionError
/Users/norgik/Desktop/Atlas Radio v1.0/Atlas Radio v1.0/Resources/Stations/PT.json,pt-deep-in-radio,Deep in Radio,http://s3.viastreaming.net:8525/,http://s3.viastreaming.net:8525/,failed,ssl_error
/Users/norgik/Desktop/Atlas Radio v1.0/Atlas Radio v1.0/Resources/Stations/PT.json,pt-r-dio-nova-era,Rádio Nova Era,http://centova.radio.com.pt:9478/,http://centova.radio.com.pt:9478/,failed,exception:ConnectionError
/Users/norgik/Desktop/Atlas Radio v1.0/Atlas Radio v1.0/Resources/Stations/PT.json,pt-r-dio-plan-cie-92-8-moura,Rádio Planície 92.8 Moura,http://109.71.41.6:8026/stream,http://109.71.41.6:8026/stream,failed,exception:ConnectionError
/Users/norgik/Desktop/Atlas Radio v1.0/Atlas Radio v1.0/Resources/Stations/PT.json,pt-4drive-jazz,4Drive Jazz,http://radio.streemlion.com:1150/stream,https://radio.streemlion.com:1150/stream,upgraded,ok
/Users/norgik/Desktop/Atlas Radio v1.0/Atlas Radio v1.0/Resources/Stations/PT.json,pt-m80-r-dio,M80 rádio,http://stream-icy.bauermedia.pt/m80.mp3,https://stream-icy.bauermedia.pt/m80.mp3,upgraded,ok
/Users/norgik/Desktop/Atlas Radio v1.0/Atlas Radio v1.0/Resources/Stations/PT.json,pt-abc-portugal,ABC Portugal,http://centova.radio.com.pt:8547/;,http://centova.radio.com.pt:8547/;,failed,exception:ConnectionError
/Users/norgik/Desktop/Atlas Radio v1.0/Atlas Radio v1.0/Resources/Stations/PT.json,pt-r-dio-meo-music,Rádio MEO Music,http://centova.radio.com.pt:8495/;,http://centova.radio.com.pt:8495/;,failed,exception:ConnectionError
/Users/norgik/Desktop/Atlas Radio v1.0/Atlas Radio v1.0/Resources/Stations/PT.json,pt-r-dio-comercial,Rádio Comercial,https://stream-hls.bauermedia.pt/comercial.aac/playlist.m3u8,https://stream-hls.bauermedia.pt/comercial.aac/playlist.m3u8,skipped,not_http
/Users/norgik/Desktop/Atlas Radio v1.0/Atlas Radio v1.0/Resources/Stations/PT.json,pt-r-dio-nova-98-9-fm,Rádio Nova 98.9 FM,http://centova.radio.com.pt:9528/,http://centova.radio.com.pt:9528/,failed,exception:ConnectionError
/Users/norgik/Desktop/Atlas Radio v1.0/Atlas Radio v1.0/Resources/Stations/RO.json,ro-radio-romania-actualit-i,Radio Romania Actualități,http://89.238.227.6:8006/;,http://89.238.227.6:8006/;,failed,exception:ConnectionError
/Users/norgik/Desktop/Atlas Radio v1.0/Atlas Radio v1.0/Resources/Stations/RO.json,ro-dance-fm-89-5-bucharest,Dance FM 89.5 Bucharest,http://edge126.rdsnet.ro:84/profm/dancefm.mp3,http://edge126.rdsnet.ro:84/profm/dancefm.mp3,failed,timeout
/Users/norgik/Desktop/Atlas Radio v1.0/Atlas Radio v1.0/Resources/Stations/RO.json,ro-deep-house-radio-bucharest-romania,Deep House Radio - Bucharest Romania,http://live.dancemusic.ro:7000/stream,http://live.dancemusic.ro:7000/stream,failed,ssl_error
/Users/norgik/Desktop/Atlas Radio v1.0/Atlas Radio v1.0/Resources/Stations/RO.json,ro-europa-fm,Europa FM,http://astreaming.europafm.ro:8000/europafm_aacp48k,http://astreaming.europafm.ro:8000/europafm_aacp48k,failed,ssl_error
/Users/norgik/Desktop/Atlas Radio v1.0/Atlas Radio v1.0/Resources/Stations/RO.json,ro-digi-fm,DIGI FM,http://edge76.rdsnet.ro:84/digifm/digifm.mp3,http://edge76.rdsnet.ro:84/digifm/digifm.mp3,failed,timeout
/Users/norgik/Desktop/Atlas Radio v1.0/Atlas Radio v1.0/Resources/Stations/RO.json,ro-kiss-fm-ro,Kiss Fm Ro,https://live.kissfm.ro/kissfm.aacp,https://live.kissfm.ro/kissfm.aacp,skipped,not_http
/Users/norgik/Desktop/Atlas Radio v1.0/Atlas Radio v1.0/Resources/Stations/RO.json,ro-radio-manele-fm,Radio Manele FM,http://a.fmradiomanele.ro:8054/;,http://a.fmradiomanele.ro:8054/;,failed,exception:ConnectionError
/Users/norgik/Desktop/Atlas Radio v1.0/Atlas Radio v1.0/Resources/Stations/RO.json,ro-play-90-s,Play 90's,http://live.playradio.org:9090/90HD,https://live.playradio.org:9090/90HD,upgraded,ok
/Users/norgik/Desktop/Atlas Radio v1.0/Atlas Radio v1.0/Resources/Stations/RO.json,ro-pro-fm,Pro FM,http://edge126.rdsnet.ro:84/profm/profm.mp3,http://edge126.rdsnet.ro:84/profm/profm.mp3,failed,timeout
/Users/norgik/Desktop/Atlas Radio v1.0/Atlas Radio v1.0/Resources/Stations/RO.json,ro-radio-guerrilla,Radio Guerrilla,http://live.guerrillaradio.ro:8010/guerrilla.aac,http://live.guerrillaradio.ro:8010/guerrilla.aac,failed,timeout
/Users/norgik/Desktop/Atlas Radio v1.0/Atlas Radio v1.0/Resources/Stations/RO.json,ro-radio-cafe-romania,Radio Cafe Romania,http://live.radiocafe.ro:8048/live.aac,http://live.radiocafe.ro:8048/live.aac,failed,ssl_error
/Users/norgik/Desktop/Atlas Radio v1.0/Atlas Radio v1.0/Resources/Stations/RO.json,ro-radio-zu,Radio Zu,http://zuicast.digitalag.ro:9420/zu,http://zuicast.digitalag.ro:9420/zu,failed,timeout
/Users/norgik/Desktop/Atlas Radio v1.0/Atlas Radio v1.0/Resources/Stations/RO.json,ro-lautaru-populara,Lautaru Populara,http://live.radiolautaru.ro:9000/;stream.nsv,http://live.radiolautaru.ro:9000/;stream.nsv,failed,exception:ConnectionError
/Users/norgik/Desktop/Atlas Radio v1.0/Atlas Radio v1.0/Resources/Stations/RO.json,ro-virgin-radio-romania,Virgin Radio Romania,http://astreaming.virginradio.ro:8000/virgin_aacp_64k,http://astreaming.virginradio.ro:8000/virgin_aacp_64k,failed,ssl_error
/Users/norgik/Desktop/Atlas Radio v1.0/Atlas Radio v1.0/Resources/Stations/RO.json,ro-goldfm,GoldFM,http://80.86.106.110:8002/,http://80.86.106.110:8002/,failed,exception:ConnectionError
/Users/norgik/Desktop/Atlas Radio v1.0/Atlas Radio v1.0/Resources/Stations/RO.json,ro-radio-rom-nia-cultural,Radio România Cultural,http://stream2.srr.ro:8012/,http://stream2.srr.ro:8012/,failed,exception:ConnectionError
/Users/norgik/Desktop/Atlas Radio v1.0/Atlas Radio v1.0/Resources/Stations/RO.json,ro-eteatru,eteatru,http://stream2.srr.ro:8078/eteatru.mp3,http://stream2.srr.ro:8078/eteatru.mp3,failed,exception:ConnectionError
/Users/norgik/Desktop/Atlas Radio v1.0/Atlas Radio v1.0/Resources/Stations/RO.json,ro-romantic-fm,Romantic FM,http://zuicast.digitalag.ro:9420/romanticfm,http://zuicast.digitalag.ro:9420/romanticfm,failed,timeout
/Users/norgik/Desktop/Atlas Radio v1.0/Atlas Radio v1.0/Resources/Stations/RO.json,ro-antena-satelor,Antena satelor,http://89.238.227.6:8042/,http://89.238.227.6:8042/,failed,exception:ConnectionError
/Users/norgik/Desktop/Atlas Radio v1.0/Atlas Radio v1.0/Resources/Stations/RO.json,ro-rfi-romania,RFI Romania,http://asculta.rfi.ro:9128/live.aac,http://asculta.rfi.ro:9128/live.aac,failed,timeout
/Users/norgik/Desktop/Atlas Radio v1.0/Atlas Radio v1.0/Resources/Stations/RS.json,rs-cool-radio,Cool Radio,http://176.9.30.66/cool64,http://176.9.30.66/cool64,failed,ssl_error
/Users/norgik/Desktop/Atlas Radio v1.0/Atlas Radio v1.0/Resources/Stations/RS.json,rs-ok-radio,OK radio,https://sslstream.okradio.net/;?type=http&nocache=8804,https://sslstream.okradio.net/;?type=http&nocache=8804,skipped,not_http
/Users/norgik/Desktop/Atlas Radio v1.0/Atlas Radio v1.0/Resources/Stations/RS.json,rs-hit-fm-radio-beograd,Hit FM Radio Beograd,http://streaming.hitfm.rs:8000/hit,http://streaming.hitfm.rs:8000/hit,failed,timeout
/Users/norgik/Desktop/Atlas Radio v1.0/Atlas Radio v1.0/Resources/Stations/RS.json,rs-naxi-radio,Naxi Radio,http://naxi48.streaming.rs:9180/,http://naxi48.streaming.rs:9180/,failed,ssl_error
/Users/norgik/Desktop/Atlas Radio v1.0/Atlas Radio v1.0/Resources/Stations/RS.json,rs-tdi-radio,TDI Radio,http://streaming.tdiradio.com:8000/tdiradio,http://streaming.tdiradio.com:8000/tdiradio,failed,timeout
/Users/norgik/Desktop/Atlas Radio v1.0/Atlas Radio v1.0/Resources/Stations/RS.json,rs-play,Play,http://stream.playradio.rs:8001/play.aac,http://stream.playradio.rs:8001/play.aac,failed,timeout
/Users/norgik/Desktop/Atlas Radio v1.0/Atlas Radio v1.0/Resources/Stations/RS.json,rs-radio-s3-ju-ni,Radio S3 Južni,https://stream.radios.rs:9038/;*.mp3,https://stream.radios.rs:9038/;*.mp3,skipped,not_http
/Users/norgik/Desktop/Atlas Radio v1.0/Atlas Radio v1.0/Resources/Stations/RS.json,rs-karolina,Karolina,http://streaming.karolina.rs:8000/karolina,http://streaming.karolina.rs:8000/karolina,failed,timeout
/Users/norgik/Desktop/Atlas Radio v1.0/Atlas Radio v1.0/Resources/Stations/RS.json,rs-radio-nostalgija,Radio Nostalgija,http://nostalgie128.streaming.rs:9250/,http://nostalgie128.streaming.rs:9250/,failed,exception:ConnectionError
/Users/norgik/Desktop/Atlas Radio v1.0/Atlas Radio v1.0/Resources/Stations/RS.json,rs-radio-lola-domaca,Radio Lola - Domaca,https://streaming.tdiradio.com/radiolola.mp3,https://streaming.tdiradio.com/radiolola.mp3,skipped,not_http
/Users/norgik/Desktop/Atlas Radio v1.0/Atlas Radio v1.0/Resources/Stations/RS.json,rs-super-fm,Super FM,http://onair.superfm.rs/superfm.mp3,http://onair.superfm.rs/superfm.mp3,failed,http_error:400
/Users/norgik/Desktop/Atlas Radio v1.0/Atlas Radio v1.0/Resources/Stations/RS.json,rs-radio-beograd-1,Radio Beograd 1,https://rtsradio-live.morescreens.com/RTS_2_001/audio/chunklist.m3u8,https://rtsradio-live.morescreens.com/RTS_2_001/audio/chunklist.m3u8,skipped,not_http
/Users/norgik/Desktop/Atlas Radio v1.0/Atlas Radio v1.0/Resources/Stations/RS.json,rs-radio-s-narodni,Radio S Narodni,https://stream.radios.rs:9016/;*.mp3,https://stream.radios.rs:9016/;*.mp3,skipped,not_http
/Users/norgik/Desktop/Atlas Radio v1.0/Atlas Radio v1.0/Resources/Stations/RS.json,rs-naxi-exyu-radio,Naxi ExYu Radio,https://naxidigital-exyu128ssl.streaming.rs:8242/;stream.nsv,https://naxidigital-exyu128ssl.streaming.rs:8242/;stream.nsv,skipped,not_http
/Users/norgik/Desktop/Atlas Radio v1.0/Atlas Radio v1.0/Resources/Stations/RS.json,rs-naxi-radio-rock,naxi radio - rock,http://naxidigital-rock128.streaming.rs:8180/;stream.nsv,http://naxidigital-rock128.streaming.rs:8180/;stream.nsv,failed,exception:ConnectionError
/Users/norgik/Desktop/Atlas Radio v1.0/Atlas Radio v1.0/Resources/Stations/RS.json,rs-naxi-radio-cafe-radio,naxi radio - cafe radio,http://naxidigital-cafe128.streaming.rs:8020/;stream.nsv,http://naxidigital-cafe128.streaming.rs:8020/;stream.nsv,failed,exception:ConnectionError
/Users/norgik/Desktop/Atlas Radio v1.0/Atlas Radio v1.0/Resources/Stations/RS.json,rs-radio-studio-b,Radio Studio B,http://radio.studiob.rs:8004/,http://radio.studiob.rs:8004/,failed,exception:ConnectionError
/Users/norgik/Desktop/Atlas Radio v1.0/Atlas Radio v1.0/Resources/Stations/RS.json,rs-radio-in-beograd,Radio IN Beograd,https://radio3-64ssl.streaming.rs:9212/;*.mp3,https://radio3-64ssl.streaming.rs:9212/;*.mp3,skipped,not_http
/Users/norgik/Desktop/Atlas Radio v1.0/Atlas Radio v1.0/Resources/Stations/RS.json,rs-radio-s1,Radio S1,http://edge-rs-01.maksnet.tv/asmedia/radios/chunklist_w2049618642.m3u8,https://edge-rs-01.maksnet.tv/asmedia/radios/chunklist_w2049618642.m3u8,upgraded,ok
/Users/norgik/Desktop/Atlas Radio v1.0/Atlas Radio v1.0/Resources/Stations/RU.json,ru-europa-plus,Europa Plus,http://ep256.hostingradio.ru:8052/europaplus256.mp3,https://ep256.hostingradio.ru:8052/europaplus256.mp3,upgraded,ok
/Users/norgik/Desktop/Atlas Radio v1.0/Atlas Radio v1.0/Resources/Stations/RU.json,ru-rock-fm,ROCK FM,http://nashe1.hostingradio.ru/rock-128.mp3,https://nashe1.hostingradio.ru/rock-128.mp3,upgraded,ok
/Users/norgik/Desktop/Atlas Radio v1.0/Atlas Radio v1.0/Resources/Stations/RU.json,ru-station,РАДИО ВАНЯ,https://icecast-radiovanya.cdnvideo.ru/radiovanya,https://icecast-radiovanya.cdnvideo.ru/radiovanya,skipped,not_http
/Users/norgik/Desktop/Atlas Radio v1.0/Atlas Radio v1.0/Resources/Stations/RU.json,ru-station-1,Дискотека СССР,http://pub0302.101.ru:8000/stream/pro/aac/64/144?token=eyJ0eXAiOiJKV1QiLCJhbGciOiJIUzI1NiJ9.eyJpcCI6IjUuMTguMjQ4Ljk4IiwidXNlcmFnZW50IjoiTW96aWxsYVwvNS4wIChYMTE7IExpbnV4IHg4Nl82NDsgcnY6ODIuMCkgR2Vja29cLzIwMTAwMTAxIEZpcmVmb3hcLzgyLjAiLCJ1aWRfY2hhbm5lbCI6IjE0NCIsInR5cGVfY2hhbm5lbCI6ImNoYW5uZWwiLCJleHAiOjE2MDU5NjQ1MTZ9.Ln1wEJ8cHHzK_Ea6Zr8J8acdny0R9ShZ_KUKVf6TmQA,https://pub0302.101.ru:8000/stream/pro/aac/64/144?token=eyJ0eXAiOiJKV1QiLCJhbGciOiJIUzI1NiJ9.eyJpcCI6IjUuMTguMjQ4Ljk4IiwidXNlcmFnZW50IjoiTW96aWxsYVwvNS4wIChYMTE7IExpbnV4IHg4Nl82NDsgcnY6ODIuMCkgR2Vja29cLzIwMTAwMTAxIEZpcmVmb3hcLzgyLjAiLCJ1aWRfY2hhbm5lbCI6IjE0NCIsInR5cGVfY2hhbm5lbCI6ImNoYW5uZWwiLCJleHAiOjE2MDU5NjQ1MTZ9.Ln1wEJ8cHHzK_Ea6Zr8J8acdny0R9ShZ_KUKVf6TmQA,upgraded,ok
/Users/norgik/Desktop/Atlas Radio v1.0/Atlas Radio v1.0/Resources/Stations/RU.json,ru-station-2,Дорожное радио,http://dorognoe.hostingradio.ru:8000/radio,https://dorognoe.hostingradio.ru:8000/radio,upgraded,ok
/Users/norgik/Desktop/Atlas Radio v1.0/Atlas Radio v1.0/Resources/Stations/RU.json,ru-dfm-90,DFM Дискач 90-х,https://dfm-disc90.hostingradio.ru/disc9096.aacp,https://dfm-disc90.hostingradio.ru/disc9096.aacp,skipped,not_http
/Users/norgik/Desktop/Atlas Radio v1.0/Atlas Radio v1.0/Resources/Stations/RU.json,ru-vesti-fm,Вести ФМ (Vesti FM),http://icecast.vgtrk.cdnvideo.ru/vestifm_mp3_192kbps,http://icecast.vgtrk.cdnvideo.ru/vestifm_mp3_192kbps,failed,ssl_error
/Users/norgik/Desktop/Atlas Radio v1.0/Atlas Radio v1.0/Resources/Stations/RU.json,ru-fm,Ретро FM,http://retroserver.streamr.ru:8043/retro256.mp3,http://retroserver.streamr.ru:8043/retro256.mp3,failed,ssl_error
/Users/norgik/Desktop/Atlas Radio v1.0/Atlas Radio v1.0/Resources/Stations/RU.json,ru-dfm-russian-dance,DFM RUSSIAN DANCE,https://dfm-dfmrusdance.hostingradio.ru/dfmrusdance96.aacp?0.9987259013359274,https://dfm-dfmrusdance.hostingradio.ru/dfmrusdance96.aacp?0.9987259013359274,skipped,not_http
/Users/norgik/Desktop/Atlas Radio v1.0/Atlas Radio v1.0/Resources/Stations/RU.json,ru-station-3,Радио Русские Песни,http://listen.rusongs.ru/ru-mp3-128,https://listen.rusongs.ru/ru-mp3-128,upgraded,ok
/Users/norgik/Desktop/Atlas Radio v1.0/Atlas Radio v1.0/Resources/Stations/RU.json,ru-station-4,Шансон Радио,http://chanson.hostingradio.ru:8041/chanson128.mp3,https://chanson.hostingradio.ru:8041/chanson128.mp3,upgraded,ok
/Users/norgik/Desktop/Atlas Radio v1.0/Atlas Radio v1.0/Resources/Stations/RU.json,ru-dorognoe-radio,дорожное радио (Dorognoe Radio),http://dorognoe.hostingradio.ru:8000/dorognoe,https://dorognoe.hostingradio.ru:8000/dorognoe,upgraded,ok
/Users/norgik/Desktop/Atlas Radio v1.0/Atlas Radio v1.0/Resources/Stations/RU.json,ru-fm-90-3,Авторадио - FM 90.3 - Москва,http://ic4.101.ru:8000/v3_1,http://ic4.101.ru:8000/v3_1,failed,exception:ConnectionError
/Users/norgik/Desktop/Atlas Radio v1.0/Atlas Radio v1.0/Resources/Stations/RU.json,ru-fm-1,Вести FM,http://icecast.vgtrk.cdnvideo.ru/vestifm,http://icecast.vgtrk.cdnvideo.ru/vestifm,failed,ssl_error
/Users/norgik/Desktop/Atlas Radio v1.0/Atlas Radio v1.0/Resources/Stations/RU.json,ru-station-5,Европа плюс,http://ep128server.streamr.ru:8030/ep128,http://ep128server.streamr.ru:8030/ep128,failed,ssl_error
/Users/norgik/Desktop/Atlas Radio v1.0/Atlas Radio v1.0/Resources/Stations/RU.json,ru-comedy-radio-new-link,Comedy Radio new link,http://ic6.101.ru:8000/stream/air/aac/64/202,http://ic6.101.ru:8000/stream/air/aac/64/202,failed,http_error:404
/Users/norgik/Desktop/Atlas Radio v1.0/Atlas Radio v1.0/Resources/Stations/RU.json,ru-radio-record-russian-mix,Radio Record - Russian Mix,https://radiorecord.hostingradio.ru/rus96.aacp,https://radiorecord.hostingradio.ru/rus96.aacp,skipped,not_http
/Users/norgik/Desktop/Atlas Radio v1.0/Atlas Radio v1.0/Resources/Stations/RU.json,ru-nashe-radio,Nashe Radio,http://nashe1.hostingradio.ru/nashe-128.mp3,https://nashe1.hostingradio.ru/nashe-128.mp3,upgraded,ok
/Users/norgik/Desktop/Atlas Radio v1.0/Atlas Radio v1.0/Resources/Stations/RU.json,ru-station-6,Радио «Комсомольская Правда» | КП Россия,http://kpradio.hostingradio.ru:8000/russia.radiokp128.mp3,https://kpradio.hostingradio.ru:8000/russia.radiokp128.mp3,upgraded,ok
/Users/norgik/Desktop/Atlas Radio v1.0/Atlas Radio v1.0/Resources/Stations/RU.json,ru-radio-mayak,Радио Маяк (Radio Mayak),http://icecast.vgtrk.cdnvideo.ru/mayakfm_mp3_192kbps,http://icecast.vgtrk.cdnvideo.ru/mayakfm_mp3_192kbps,failed,ssl_error
/Users/norgik/Desktop/Atlas Radio v1.0/Atlas Radio v1.0/Resources/Stations/SA.json,sa-quran-kareem,QURAN KAREEM,https://quraanfm-radio.mbc.net/quraanfm-radio.m3u8,https://quraanfm-radio.mbc.net/quraanfm-radio.m3u8,skipped,not_http
/Users/norgik/Desktop/Atlas Radio v1.0/Atlas Radio v1.0/Resources/Stations/SA.json,sa-station,إذاعة السنة,http://andromeda.shoutca.st:8189/live,http://andromeda.shoutca.st:8189/live,failed,timeout
/Users/norgik/Desktop/Atlas Radio v1.0/Atlas Radio v1.0/Resources/Stations/SA.json,sa-al-arabiya-fm,Al Arabiya FM,https://fm.alarabiya.net/fm/myStream/playlist.m3u8,https://fm.alarabiya.net/fm/myStream/playlist.m3u8,skipped,not_http
/Users/norgik/Desktop/Atlas Radio v1.0/Atlas Radio v1.0/Resources/Stations/SA.json,sa-mp3quran-tarateel,Mp3Quran Tarateel,https://qurango.net/radio/tarateel,https://qurango.net/radio/tarateel,skipped,not_http
/Users/norgik/Desktop/Atlas Radio v1.0/Atlas Radio v1.0/Resources/Stations/SA.json,sa-mbc-fm,MBC FM,https://mbcfm-radio.mbc.net/mbcfm-radio.m3u8,https://mbcfm-radio.mbc.net/mbcfm-radio.m3u8,skipped,not_http
/Users/norgik/Desktop/Atlas Radio v1.0/Atlas Radio v1.0/Resources/Stations/SA.json,sa-mp3quran-main,Mp3Quran Main,https://qurango.net/radio/mix,https://qurango.net/radio/mix,skipped,not_http
/Users/norgik/Desktop/Atlas Radio v1.0/Atlas Radio v1.0/Resources/Stations/SA.json,sa-alifalif-fm,AlifAlif FM,https://alifalifjobs.com/radio/8000/AlifAlifLive.mp3,https://alifalifjobs.com/radio/8000/AlifAlifLive.mp3,skipped,not_http
/Users/norgik/Desktop/Atlas Radio v1.0/Atlas Radio v1.0/Resources/Stations/SA.json,sa-radiosunna,RadioSunna,http://andromeda.shoutca.st:8189/stream,http://andromeda.shoutca.st:8189/stream,failed,timeout
/Users/norgik/Desktop/Atlas Radio v1.0/Atlas Radio v1.0/Resources/Stations/SA.json,sa-panorama-fm,Panorama FM,https://panoramafm-radio.mbc.net/panoramafm-radio.m3u8,https://panoramafm-radio.mbc.net/panoramafm-radio.m3u8,skipped,not_http
/Users/norgik/Desktop/Atlas Radio v1.0/Atlas Radio v1.0/Resources/Stations/SA.json,sa-station-1,تفسير القرآن الكريم ,https://qurango.net/radio/tafseer,https://qurango.net/radio/tafseer,skipped,not_http
/Users/norgik/Desktop/Atlas Radio v1.0/Atlas Radio v1.0/Resources/Stations/SA.json,sa-station-2,القارئ علي الحذيفي رواية قالون ,https://qurango.net/radio/ali_alhuthaifi_qalon,https://qurango.net/radio/ali_alhuthaifi_qalon,skipped,not_http
/Users/norgik/Desktop/Atlas Radio v1.0/Atlas Radio v1.0/Resources/Stations/SA.json,sa-saudi-quran,Saudi Quran,http://stream.radiojar.com/0tpy1h0kxtzuv,http://stream.radiojar.com/0tpy1h0kxtzuv,failed,http_error:404
/Users/norgik/Desktop/Atlas Radio v1.0/Atlas Radio v1.0/Resources/Stations/SA.json,sa-station-3,"إذاعة طريق السلف
",https://airtime.salafwayfm.ly/,https://airtime.salafwayfm.ly/,skipped,not_http
/Users/norgik/Desktop/Atlas Radio v1.0/Atlas Radio v1.0/Resources/Stations/SA.json,sa-station-4,. مختصر السيرة,https://qurango.net/radio/almukhtasar_fi_alsiyra,https://qurango.net/radio/almukhtasar_fi_alsiyra,skipped,not_http
/Users/norgik/Desktop/Atlas Radio v1.0/Atlas Radio v1.0/Resources/Stations/SA.json,sa-station-5,.صور من حياة الصحابة ,https://qurango.net/radio/sahabah,https://qurango.net/radio/sahabah,skipped,not_http
/Users/norgik/Desktop/Atlas Radio v1.0/Atlas Radio v1.0/Resources/Stations/SA.json,sa-station-6,.ماهر المعيقلي ,https://backup.qurango.net/radio/maher,https://backup.qurango.net/radio/maher,skipped,not_http
/Users/norgik/Desktop/Atlas Radio v1.0/Atlas Radio v1.0/Resources/Stations/SA.json,sa-fred-film-radio,Fred Film Radio(لغة عربية),https://s10.webradio-hosting.com/proxy/fredradioar/stream,https://s10.webradio-hosting.com/proxy/fredradioar/stream,skipped,not_http
/Users/norgik/Desktop/Atlas Radio v1.0/Atlas Radio v1.0/Resources/Stations/SA.json,sa-saudi-quran1,Saudi Quran1,http://n01.radiojar.com/0tpy1h0kxtzuv?rj-ttl=5&rj-tok=AAABjrUiYUAAxwNU2wDdcOap9w,http://n01.radiojar.com/0tpy1h0kxtzuv?rj-ttl=5&rj-tok=AAABjrUiYUAAxwNU2wDdcOap9w,failed,http_error:404
/Users/norgik/Desktop/Atlas Radio v1.0/Atlas Radio v1.0/Resources/Stations/SA.json,sa-station-7,إذاعة محمد أيوب,https://qurango.net/radio/mohammed_ayyub,https://qurango.net/radio/mohammed_ayyub,skipped,not_http
/Users/norgik/Desktop/Atlas Radio v1.0/Atlas Radio v1.0/Resources/Stations/SE.json,rb-9642ad8b-0601-11e8-ae97-52543be04c81,"106,7 Rockklassiker",http://tx-bauerse.sharp-stream.com/http_live.php?ua=WEB&i=rockklassiker_instream_se_mp3,https://edge-bauerse-04-thn.sharp-stream.com/rockklassiker_instream_se_mp3?ua=WEB&,upgraded,ok
/Users/norgik/Desktop/Atlas Radio v1.0/Atlas Radio v1.0/Resources/Stations/SE.json,rb-6d52fc82-42d2-4b29-aece-d84e1f1c641d,Bandit Alternative,https://wr05-ice.stream.khz.se/wr05_mp3,https://wr05-ice.stream.khz.se/wr05_mp3,skipped,not_http
/Users/norgik/Desktop/Atlas Radio v1.0/Atlas Radio v1.0/Resources/Stations/SE.json,rb-12824d18-3891-402f-b7a9-b8d75bfe3b99,Bandit Ballads,https://wr21-ice.stream.khz.se/wr21_aac,https://wr21-ice.stream.khz.se/wr21_aac,skipped,not_http
/Users/norgik/Desktop/Atlas Radio v1.0/Atlas Radio v1.0/Resources/Stations/SE.json,rb-40dfa430-7988-4b02-ae1b-ce5fe8b5aad3,Bandit Classic Rock,https://wr11-ice.stream.khz.se/wr11_mp3,https://wr11-ice.stream.khz.se/wr11_mp3,skipped,not_http
/Users/norgik/Desktop/Atlas Radio v1.0/Atlas Radio v1.0/Resources/Stations/SE.json,rb-22567e75-4c10-4dde-9c51-5940b128f6cb,Bandit ÍRock,https://fm02-ice.stream.khz.se/fm02_mp3,https://fm02-ice.stream.khz.se/fm02_mp3,skipped,not_http
/Users/norgik/Desktop/Atlas Radio v1.0/Atlas Radio v1.0/Resources/Stations/SE.json,rb-78563d75-79f2-4c67-a80d-291891e2fb88,Bandit Metal,https://wr03-ice.stream.khz.se/wr03_mp3,https://wr03-ice.stream.khz.se/wr03_mp3,skipped,not_http
/Users/norgik/Desktop/Atlas Radio v1.0/Atlas Radio v1.0/Resources/Stations/SE.json,rb-964338ec-0601-11e8-ae97-52543be04c81,Borås Närradio,http://lyssna.fnf.nu:8080/radioboras.mp3,http://lyssna.fnf.nu:8080/radioboras.mp3,failed,timeout
/Users/norgik/Desktop/Atlas Radio v1.0/Atlas Radio v1.0/Resources/Stations/SG.json,sg-yes-933-radio,YES 933 Radio,http://playerservices.streamtheworld.com/api/livestream-redirect/YES933AAC.aac,https://22903.live.streamtheworld.com:443/YES933AAC.aac,upgraded,ok
/Users/norgik/Desktop/Atlas Radio v1.0/Atlas Radio v1.0/Resources/Stations/SG.json,sg-love-972-radio,Love 972 Radio,http://playerservices.streamtheworld.com/api/livestream-redirect/LOVE972FMAAC.aac,https://28313.live.streamtheworld.com:443/LOVE972FMAAC.aac,upgraded,ok
/Users/norgik/Desktop/Atlas Radio v1.0/Atlas Radio v1.0/Resources/Stations/SG.json,sg-warna-942-radio,Warna 942 Radio,http://playerservices.streamtheworld.com/api/livestream-redirect/WARNA942FMAAC.aac,https://22903.live.streamtheworld.com:443/WARNA942FMAAC.aac,upgraded,ok
/Users/norgik/Desktop/Atlas Radio v1.0/Atlas Radio v1.0/Resources/Stations/SG.json,sg-jia-883-radio,Jia 883 Radio,http://playerservices.streamtheworld.com/api/livestream-redirect/883JIAAAC.aac,https://22243.live.streamtheworld.com:443/883JIAAAC.aac,upgraded,ok
/Users/norgik/Desktop/Atlas Radio v1.0/Atlas Radio v1.0/Resources/Stations/SG.json,sg-ufm-100-3-radio,UFM 100.3 Radio,http://playerservices.streamtheworld.com/api/livestream-redirect/UFM_1003AAC.aac,https://28153.live.streamtheworld.com:443/UFM_1003AAC.aac,upgraded,ok
/Users/norgik/Desktop/Atlas Radio v1.0/Atlas Radio v1.0/Resources/Stations/SG.json,sg-capital-958-radio,Capital 958 Radio,http://playerservices.streamtheworld.com/api/livestream-redirect/CAPITAL958FMAAC.aac,https://28453.live.streamtheworld.com:443/CAPITAL958FMAAC.aac,upgraded,ok
/Users/norgik/Desktop/Atlas Radio v1.0/Atlas Radio v1.0/Resources/Stations/SG.json,sg-class-95-radio,Class 95 Radio,http://playerservices.streamtheworld.com/api/livestream-redirect/CLASS95AAC.aac,https://28313.live.streamtheworld.com:443/CLASS95AAC.aac,upgraded,ok
/Users/norgik/Desktop/Atlas Radio v1.0/Atlas Radio v1.0/Resources/Stations/SG.json,sg-cna-938-live-singapore,CNA 938 Live Singapore,http://19183.live.streamtheworld.com:3690/938NOW_PREM_SC,http://19183.live.streamtheworld.com:3690/938NOW_PREM_SC,failed,timeout
/Users/norgik/Desktop/Atlas Radio v1.0/Atlas Radio v1.0/Resources/Stations/SG.json,sg-sph-963-radio,SPH 963 Radio,http://playerservices.streamtheworld.com/api/livestream-redirect/HAO_963AAC.aac,https://22243.live.streamtheworld.com:443/HAO_963AAC.aac,upgraded,ok
/Users/norgik/Desktop/Atlas Radio v1.0/Atlas Radio v1.0/Resources/Stations/SG.json,sg-gold-905-radio,Gold 905 Radio,http://playerservices.streamtheworld.com/api/livestream-redirect/GOLD905AAC.aac,https://28323.live.streamtheworld.com:443/GOLD905AAC.aac,upgraded,ok
/Users/norgik/Desktop/Atlas Radio v1.0/Atlas Radio v1.0/Resources/Stations/SG.json,sg-oli-968-radio,Oli 968 Radio,http://playerservices.streamtheworld.com/api/livestream-redirect/OLI968FMAAC.aac,https://28383.live.streamtheworld.com:443/OLI968FMAAC.aac,upgraded,ok
/Users/norgik/Desktop/Atlas Radio v1.0/Atlas Radio v1.0/Resources/Stations/SG.json,sg-channel-news-asia-tv,Channel News Asia TV,http://d2e1asnsl7br7b.cloudfront.net/7782e205e72f43aeb4a48ec97f66ebbe/index_5.m3u8,https://d2e1asnsl7br7b.cloudfront.net/7782e205e72f43aeb4a48ec97f66ebbe/index_5.m3u8,upgraded,ok
/Users/norgik/Desktop/Atlas Radio v1.0/Atlas Radio v1.0/Resources/Stations/SG.json,sg-987fm,987FM,https://22393.live.streamtheworld.com/987FM_PREM.aac,https://22393.live.streamtheworld.com/987FM_PREM.aac,skipped,not_http
/Users/norgik/Desktop/Atlas Radio v1.0/Atlas Radio v1.0/Resources/Stations/SG.json,sg-mediacorp-987-radio,Mediacorp 987 Radio,http://playerservices.streamtheworld.com/api/livestream-redirect/987FMAAC.aac,https://28443.live.streamtheworld.com:443/987FMAAC.aac,upgraded,ok
/Users/norgik/Desktop/Atlas Radio v1.0/Atlas Radio v1.0/Resources/Stations/SG.json,sg-symphony-924-radio,Symphony 924 Radio,http://playerservices.streamtheworld.com/api/livestream-redirect/SYMPHONY924AAC.aac,https://22393.live.streamtheworld.com:443/SYMPHONY924AAC.aac,upgraded,ok
/Users/norgik/Desktop/Atlas Radio v1.0/Atlas Radio v1.0/Resources/Stations/SG.json,sg-ria-897-radio,Ria 897 Radio,http://playerservices.streamtheworld.com/api/livestream-redirect/RIA897FMAAC.aac,https://28443.live.streamtheworld.com:443/RIA897FMAAC.aac,upgraded,ok
/Users/norgik/Desktop/Atlas Radio v1.0/Atlas Radio v1.0/Resources/Stations/SG.json,sg-one-fm,ONE FM,http://playerservices.streamtheworld.com/api/livestream-redirect/one_FM_913AAC.aac?dist=radiosingaporeapp,https://28153.live.streamtheworld.com:443/ONE_FM_913AAC.aac?dist=radiosingaporeapp,upgraded,ok
/Users/norgik/Desktop/Atlas Radio v1.0/Atlas Radio v1.0/Resources/Stations/SG.json,sg-axr-singapore,AXR Singapore,http://singaporestream.axr.online/,https://22273.live.streamtheworld.com:443/AXR_SINGAPOREAAC.aac,upgraded,ok
/Users/norgik/Desktop/Atlas Radio v1.0/Atlas Radio v1.0/Resources/Stations/SG.json,sg-oli-96-8-fm,Oli 96.8 FM,https://playerservices.streamtheworld.com/api/livestream-redirect/OLI968FMAAC.aac,https://playerservices.streamtheworld.com/api/livestream-redirect/OLI968FMAAC.aac,skipped,not_http
/Users/norgik/Desktop/Atlas Radio v1.0/Atlas Radio v1.0/Resources/Stations/SG.json,sg-power-98-love-songs,Power 98 Love Songs,https://playerservices.streamtheworld.com/api/livestream-redirect/POWER98_LOVESONGS.mp3,https://playerservices.streamtheworld.com/api/livestream-redirect/POWER98_LOVESONGS.mp3,skipped,not_http
/Users/norgik/Desktop/Atlas Radio v1.0/Atlas Radio v1.0/Resources/Stations/SI.json,si-radio-aktual,Radio Aktual,http://195.95.158.131:9080/,http://195.95.158.131:9080/,failed,ssl_error
/Users/norgik/Desktop/Atlas Radio v1.0/Atlas Radio v1.0/Resources/Stations/SI.json,si-val-202,Val 202,http://mp3.rtvslo.si/val202,http://mp3.rtvslo.si/val202,failed,http_error:400
/Users/norgik/Desktop/Atlas Radio v1.0/Atlas Radio v1.0/Resources/Stations/SI.json,si-radio-1,Radio 1,http://live.radio.si/Radio1,http://live.radio.si/Radio1,failed,http_error:400
/Users/norgik/Desktop/Atlas Radio v1.0/Atlas Radio v1.0/Resources/Stations/SI.json,si-radio-veseljak,Radio Veseljak,http://195.95.158.131:9060/,http://195.95.158.131:9060/,failed,ssl_error
/Users/norgik/Desktop/Atlas Radio v1.0/Atlas Radio v1.0/Resources/Stations/SI.json,si-rock-radio-si,ROCK RADIO SI,http://stream.rockradio.si:9034/;,http://stream.rockradio.si:9034/;,failed,exception:ConnectionError
/Users/norgik/Desktop/Atlas Radio v1.0/Atlas Radio v1.0/Resources/Stations/SI.json,si-radio-capris-80,Radio Capris 80,http://stream02.exit.si:8000/80?,http://stream02.exit.si:8000/80?,failed,timeout
/Users/norgik/Desktop/Atlas Radio v1.0/Atlas Radio v1.0/Resources/Stations/SI.json,si-radio-city-maribor-100-6-fm,Radio City (Maribor) 100.6 FM,http://82.149.22.34:8000/CityMp364mono.mp3,http://82.149.22.34:8000/CityMp364mono.mp3,failed,timeout
/Users/norgik/Desktop/Atlas Radio v1.0/Atlas Radio v1.0/Resources/Stations/SI.json,si-radio-prvi,Radio Prvi,http://mp3.rtvslo.si/ra1,http://mp3.rtvslo.si/ra1,failed,http_error:400
/Users/norgik/Desktop/Atlas Radio v1.0/Atlas Radio v1.0/Resources/Stations/SI.json,si-hitradio-center-80-s,Hitradio center 80's,http://stream3.radiocenter.si:8064/;stream/1,http://stream3.radiocenter.si:8064/;stream/1,failed,exception:ConnectionError
/Users/norgik/Desktop/Atlas Radio v1.0/Atlas Radio v1.0/Resources/Stations/SI.json,si-hitradio-center,Hitradio Center,http://stream3.radiocenter.si:8000/center,http://stream3.radiocenter.si:8000/center,failed,exception:ConnectionError
/Users/norgik/Desktop/Atlas Radio v1.0/Atlas Radio v1.0/Resources/Stations/SI.json,si-radio-capris-90-dance,Radio Capris 90 DANCE,http://stream02.exit.si:8000/MEGAMIX?,http://stream02.exit.si:8000/MEGAMIX?,failed,timeout
/Users/norgik/Desktop/Atlas Radio v1.0/Atlas Radio v1.0/Resources/Stations/SI.json,si-radio-si,Radio Si,http://mp3.rtvslo.si/rsi,http://mp3.rtvslo.si/rsi,failed,http_error:400
/Users/norgik/Desktop/Atlas Radio v1.0/Atlas Radio v1.0/Resources/Stations/SI.json,si-radio-antena,Radio Antena,http://live.radioantena.si/Antena,http://live.radioantena.si/Antena,failed,ssl_error
/Users/norgik/Desktop/Atlas Radio v1.0/Atlas Radio v1.0/Resources/Stations/SI.json,si-radio-krka,Radio KRka,https://live.radio.si/Krka,https://live.radio.si/Krka,skipped,not_http
/Users/norgik/Desktop/Atlas Radio v1.0/Atlas Radio v1.0/Resources/Stations/SI.json,si-radio-nula,Radio Nula,https://strm.radionula.com/classics,https://strm.radionula.com/classics,skipped,not_http
/Users/norgik/Desktop/Atlas Radio v1.0/Atlas Radio v1.0/Resources/Stations/SI.json,si-hitradio-center-top-100,Hitradio center top 100,http://stream3.radiocenter.si:9020/;stream/1,http://stream3.radiocenter.si:9020/;stream/1,failed,exception:ConnectionError
/Users/norgik/Desktop/Atlas Radio v1.0/Atlas Radio v1.0/Resources/Stations/SI.json,si-radio-capris-dalmacija,Radio Capris Dalmacija,http://stream02.exit.si:8000/DALMACIJA?,http://stream02.exit.si:8000/DALMACIJA?,failed,timeout
/Users/norgik/Desktop/Atlas Radio v1.0/Atlas Radio v1.0/Resources/Stations/SI.json,si-best-fm-ljubljana,Best FM Ljubljana,https://live.radio.si/BestFM,https://live.radio.si/BestFM,skipped,not_http
/Users/norgik/Desktop/Atlas Radio v1.0/Atlas Radio v1.0/Resources/Stations/SI.json,si-radio-enter,Radio ENTER,https://stream.nextmedia.si/proxy/enter_1?mp=/enter,https://stream.nextmedia.si/proxy/enter_1?mp=/enter,skipped,not_http
/Users/norgik/Desktop/Atlas Radio v1.0/Atlas Radio v1.0/Resources/Stations/SI.json,si-radio-salomon,Radio Salomon,http://84.52.138.44/Salomon,http://84.52.138.44/Salomon,failed,ssl_error
/Users/norgik/Desktop/Atlas Radio v1.0/Atlas Radio v1.0/Resources/Stations/SK.json,sk-r-dio-vlna,Rádio Vlna,http://stream.radiovlna.sk/vlna-hi.mp3,https://stream.radiovlna.sk/vlna-hi.mp3,upgraded,ok
/Users/norgik/Desktop/Atlas Radio v1.0/Atlas Radio v1.0/Resources/Stations/SK.json,sk-fun-radio,Fun Radio,http://stream.funradio.sk:8000/fun128.mp3,https://stream.funradio.sk:8000/fun128.mp3,upgraded,ok
/Users/norgik/Desktop/Atlas Radio v1.0/Atlas Radio v1.0/Resources/Stations/SK.json,sk-sro1-r-dio-slovensko,SRo1 Rádio Slovensko,http://live.slovakradio.sk:8000/Slovensko_128.mp3,http://live.slovakradio.sk:8000/Slovensko_128.mp3,failed,timeout
/Users/norgik/Desktop/Atlas Radio v1.0/Atlas Radio v1.0/Resources/Stations/SK.json,sk-radio-fm,Radio FM,https://icecast.stv.livebox.sk/fm_128.mp3,https://icecast.stv.livebox.sk/fm_128.mp3,skipped,not_http
/Users/norgik/Desktop/Atlas Radio v1.0/Atlas Radio v1.0/Resources/Stations/SK.json,sk-sro1-r-dio-slovensko-256k,SRo1 Rádio Slovensko (256k),http://live.slovakradio.sk:8000/Slovensko_256.mp3,http://live.slovakradio.sk:8000/Slovensko_256.mp3,failed,timeout
/Users/norgik/Desktop/Atlas Radio v1.0/Atlas Radio v1.0/Resources/Stations/SK.json,sk-fun-radio-dance,Fun Radio Dance,http://stream.funradio.sk:8000/dance128.mp3,https://stream.funradio.sk:8000/dance128.mp3,upgraded,ok
/Users/norgik/Desktop/Atlas Radio v1.0/Atlas Radio v1.0/Resources/Stations/SK.json,sk-fun-radio-80-90,Fun Radio 80&90,http://stream.funradio.sk:8000/80-90-128.mp3,https://stream.funradio.sk:8000/80-90-128.mp3,upgraded,ok
/Users/norgik/Desktop/Atlas Radio v1.0/Atlas Radio v1.0/Resources/Stations/SK.json,sk-r-dio-maria-slovensko,Rádio Maria Slovensko,http://dreamsiteradiocp5.com:8012/streaming.mp3,http://dreamsiteradiocp5.com:8012/streaming.mp3,failed,exception:ConnectionError
/Users/norgik/Desktop/Atlas Radio v1.0/Atlas Radio v1.0/Resources/Stations/SK.json,sk-europa-2,Europa 2 ,https://stream.bauermedia.sk/europa2.mp3,https://stream.bauermedia.sk/europa2.mp3,skipped,not_http
/Users/norgik/Desktop/Atlas Radio v1.0/Atlas Radio v1.0/Resources/Stations/SK.json,sk-r-dio-lumen,Rádio Lumen,http://audio.lumen.sk:8000/live128.mp3,http://audio.lumen.sk:8000/live128.mp3,failed,timeout
/Users/norgik/Desktop/Atlas Radio v1.0/Atlas Radio v1.0/Resources/Stations/SK.json,sk-sro8-r-dio-litera,SRo8 Rádio Litera,http://icecast.stv.livebox.sk/litera_128.mp3,http://icecast.stv.livebox.sk/litera_128.mp3,failed,http_error:400
/Users/norgik/Desktop/Atlas Radio v1.0/Atlas Radio v1.0/Resources/Stations/SK.json,sk-r-dio-melody,Rádio Melody,https://stream.bauermedia.sk/melody-hi.mp3,https://stream.bauermedia.sk/melody-hi.mp3,skipped,not_http
/Users/norgik/Desktop/Atlas Radio v1.0/Atlas Radio v1.0/Resources/Stations/SK.json,sk-sro4-r-dio-fm,SRo4 Rádio FM,http://live.slovakradio.sk:8000/FM_256.mp3,http://live.slovakradio.sk:8000/FM_256.mp3,failed,timeout
/Users/norgik/Desktop/Atlas Radio v1.0/Atlas Radio v1.0/Resources/Stations/SK.json,sk-sro3-r-dio-dev-n,SRo3: Rádio Devín,http://icecast.stv.livebox.sk/devin_128.mp3,http://icecast.stv.livebox.sk/devin_128.mp3,failed,http_error:400
/Users/norgik/Desktop/Atlas Radio v1.0/Atlas Radio v1.0/Resources/Stations/SK.json,sk-sro2-r-dio-regina-v-chod,SRo2 Rádio Regina Východ,http://icecast.stv.livebox.sk/regina-ke_128.mp3,http://icecast.stv.livebox.sk/regina-ke_128.mp3,failed,http_error:400
/Users/norgik/Desktop/Atlas Radio v1.0/Atlas Radio v1.0/Resources/Stations/SK.json,sk-radio-slovensko,Radio Slovensko,https://icecast.stv.livebox.sk/slovensko_128.mp3,https://icecast.stv.livebox.sk/slovensko_128.mp3,skipped,not_http
/Users/norgik/Desktop/Atlas Radio v1.0/Atlas Radio v1.0/Resources/Stations/SK.json,sk-rusynfm,RusynFM,http://stream.rusyn.fm/rusyny.mp3,http://stream.rusyn.fm/rusyny.mp3,failed,http_error:400
/Users/norgik/Desktop/Atlas Radio v1.0/Atlas Radio v1.0/Resources/Stations/SK.json,sk-r-dio-vlna-classic-rock,Rádio Vlna CLASSIC ROCK ,http://stream.radiovlna.sk:8000/rock-hi.mp3,https://stream.radiovlna.sk:8000/rock-hi.mp3,upgraded,ok
/Users/norgik/Desktop/Atlas Radio v1.0/Atlas Radio v1.0/Resources/Stations/SK.json,sk-sro2-r-dio-regina-stred,SRo2 Rádio Regina Stred,http://icecast.stv.livebox.sk/regina-bb_128.mp3,http://icecast.stv.livebox.sk/regina-bb_128.mp3,failed,http_error:400
/Users/norgik/Desktop/Atlas Radio v1.0/Atlas Radio v1.0/Resources/Stations/TJ.json,tj-the-holy-quran-by-sheikh-mahmoud-al-husari,The Holy Quran  by Sheikh Mahmoud Al-Husari,https://qurango.net/radio/mahmoud_khalil_alhussary_warsh,https://qurango.net/radio/mahmoud_khalil_alhussary_warsh,skipped,not_http
/Users/norgik/Desktop/Atlas Radio v1.0/Atlas Radio v1.0/Resources/Stations/TJ.json,tj-abdulbasit-abdulsamad,Abdulbasit Abdulsamad,https://radio.mp3islam.com/listen/abdulbasit/radio.mp3,https://radio.mp3islam.com/listen/abdulbasit/radio.mp3,skipped,not_http
/Users/norgik/Desktop/Atlas Radio v1.0/Atlas Radio v1.0/Resources/Stations/TM.json,rb-435f7756-ddcc-49fd-a692-321f22c0dd1d,Abdulbasit Abdulsamad,https://radio.mp3islam.com/listen/abdulbasit/radio.mp3,https://radio.mp3islam.com/listen/abdulbasit/radio.mp3,skipped,not_http
/Users/norgik/Desktop/Atlas Radio v1.0/Atlas Radio v1.0/Resources/Stations/TM.json,rb-d5b40b49-b53b-43ce-b310-457182a6cf90,Hayatmix,https://hayatmix.net/;yayin.mp3/;,https://hayatmix.net/;yayin.mp3/;,skipped,not_http
/Users/norgik/Desktop/Atlas Radio v1.0/Atlas Radio v1.0/Resources/Stations/TM.json,rb-ffbb6a33-a356-4143-a13c-95c8c8caddc4,The Holy Quran by Sheikh Mahmoud Al-Husari,https://qurango.net/radio/mahmoud_khalil_alhussary_warsh,https://qurango.net/radio/mahmoud_khalil_alhussary_warsh,skipped,not_http
/Users/norgik/Desktop/Atlas Radio v1.0/Atlas Radio v1.0/Resources/Stations/TM.json,rb-6e5eaddc-0afa-4e20-817d-3802475d7c07,Uğur Öztürk,https://eu8.fastcast4u.com/proxy/ugur4129?mp=/1,https://eu8.fastcast4u.com/proxy/ugur4129?mp=/1,skipped,not_http
/Users/norgik/Desktop/Atlas Radio v1.0/Atlas Radio v1.0/Resources/Stations/TR.json,tr-slow-turk,Slow Turk,https://radyo.duhnet.tv/ak_dtvh_slowturk,https://radyo.duhnet.tv/ak_dtvh_slowturk,skipped,not_http
/Users/norgik/Desktop/Atlas Radio v1.0/Atlas Radio v1.0/Resources/Stations/TR.json,tr-radyo-7,Radyo 7,http://46.20.3.250/;stream,http://46.20.3.250/;stream,failed,ssl_error
/Users/norgik/Desktop/Atlas Radio v1.0/Atlas Radio v1.0/Resources/Stations/TR.json,tr-power-pop,Power POP,https://listen.powerapp.com.tr/powerpop/128/chunks.m3u8,https://listen.powerapp.com.tr/powerpop/128/chunks.m3u8,skipped,not_http
/Users/norgik/Desktop/Atlas Radio v1.0/Atlas Radio v1.0/Resources/Stations/TR.json,tr-damar-turk-fm,Damar Turk FM,https://live.radyositesihazir.com:10997/,https://live.radyositesihazir.com:10997/,skipped,not_http
/Users/norgik/Desktop/Atlas Radio v1.0/Atlas Radio v1.0/Resources/Stations/TR.json,tr-kral-fm,KRAL FM,https://dygedge2.radyotvonline.net/kralfm/playlist.m3u8,https://dygedge2.radyotvonline.net/kralfm/playlist.m3u8,skipped,not_http
/Users/norgik/Desktop/Atlas Radio v1.0/Atlas Radio v1.0/Resources/Stations/TR.json,tr-radyo-45lik,Radyo 45lik,https://stream.radyo45lik.com:4545/,https://stream.radyo45lik.com:4545/,skipped,not_http
/Users/norgik/Desktop/Atlas Radio v1.0/Atlas Radio v1.0/Resources/Stations/TR.json,tr-super-fm,Super FM,https://playerservices.streamtheworld.com/api/livestream-redirect/SUPER_FM_SC,https://playerservices.streamtheworld.com/api/livestream-redirect/SUPER_FM_SC,skipped,not_http
/Users/norgik/Desktop/Atlas Radio v1.0/Atlas Radio v1.0/Resources/Stations/TR.json,tr-virgin-radio,Virgin Radio Türkiye,http://29103.live.streamtheworld.com/VIRGIN_RADIO_SC,https://29103.live.streamtheworld.com/VIRGIN_RADIO_SC,upgraded,ok
/Users/norgik/Desktop/Atlas Radio v1.0/Atlas Radio v1.0/Resources/Stations/TR.json,tr-90lar-turkey,90lar Turkey,http://37.247.98.8/stream/166/,http://37.247.98.8/stream/166/,failed,timeout
/Users/norgik/Desktop/Atlas Radio v1.0/Atlas Radio v1.0/Resources/Stations/TR.json,tr-super-fm-aac,Süper FM (AAC),http://29023.live.streamtheworld.com:3690/SUPER_FMAAC_SC,http://29023.live.streamtheworld.com:3690/SUPER_FMAAC_SC,failed,timeout
/Users/norgik/Desktop/Atlas Radio v1.0/Atlas Radio v1.0/Resources/Stations/UA.json,ua-hit-fm-ukraine-128kb-s,Hit FM (UKraine) - 128kb/s,http://195.95.206.17/HitFM,http://195.95.206.17/HitFM,failed,ssl_error
/Users/norgik/Desktop/Atlas Radio v1.0/Atlas Radio v1.0/Resources/Stations/UA.json,ua-f-103-1,Люкс FМ 103.1,http://lux.radio.tvstitch.com/kyiv/lux_adv_sd,https://lux.radio.tvstitch.com/kyiv/lux_adv_sd,upgraded,ok
/Users/norgik/Desktop/Atlas Radio v1.0/Atlas Radio v1.0/Resources/Stations/UA.json,ua-kiss-fm-106-5,Kiss FM 106.5,http://online.kissfm.ua/KissFM,http://online.kissfm.ua/KissFM,failed,http_error:400
/Users/norgik/Desktop/Atlas Radio v1.0/Atlas Radio v1.0/Resources/Stations/UA.json,ua-station,Радио НВ,http://91.218.212.84:8000/radionv.mp3,http://91.218.212.84:8000/radionv.mp3,failed,timeout
/Users/norgik/Desktop/Atlas Radio v1.0/Atlas Radio v1.0/Resources/Stations/UA.json,ua-fm,Хіт FM Сучасні хіти,http://online.hitfm.ua/HitFM_Top,http://online.hitfm.ua/HitFM_Top,failed,http_error:400
/Users/norgik/Desktop/Atlas Radio v1.0/Atlas Radio v1.0/Resources/Stations/UA.json,ua-radio-roks-ballads,Radio ROKS Ballads,http://online.radioroks.ua/RadioROKS_Ballads_HD,http://online.radioroks.ua/RadioROKS_Ballads_HD,failed,http_error:400
/Users/norgik/Desktop/Atlas Radio v1.0/Atlas Radio v1.0/Resources/Stations/UA.json,ua-fm-95-2,Мелодія FM 95.2,http://online.melodiafm.ua/MelodiaFM,http://online.melodiafm.ua/MelodiaFM,failed,http_error:400
/Users/norgik/Desktop/Atlas Radio v1.0/Atlas Radio v1.0/Resources/Stations/UA.json,ua-rock-ballads,Rock Ballads,http://online.radioroks.ua/RadioROKS_Ballads,http://online.radioroks.ua/RadioROKS_Ballads,failed,http_error:400
/Users/norgik/Desktop/Atlas Radio v1.0/Atlas Radio v1.0/Resources/Stations/UA.json,ua-107-9,Наше Радіо 107.9,http://online.nasheradio.ua/NasheRadio,http://online.nasheradio.ua/NasheRadio,failed,http_error:400
/Users/norgik/Desktop/Atlas Radio v1.0/Atlas Radio v1.0/Resources/Stations/UA.json,ua-kissfm-deep,KissFm Deep,http://online.kissfm.ua/KissFM_Deep_Live,http://online.kissfm.ua/KissFM_Deep_Live,failed,http_error:400
/Users/norgik/Desktop/Atlas Radio v1.0/Atlas Radio v1.0/Resources/Stations/UA.json,ua-station-1,Хіт ФМ Найбільші хіти ,http://online.hitfm.ua/HitFM_Best,http://online.hitfm.ua/HitFM_Best,failed,http_error:400
/Users/norgik/Desktop/Atlas Radio v1.0/Atlas Radio v1.0/Resources/Stations/UA.json,ua-radio-roks-hard-n-heavy,Radio ROKS Hard'n'Heavy,http://online.radioroks.ua/RadioROKS_HardnHeavy_HD,http://online.radioroks.ua/RadioROKS_HardnHeavy_HD,failed,http_error:400
/Users/norgik/Desktop/Atlas Radio v1.0/Atlas Radio v1.0/Resources/Stations/UA.json,ua-hit-fm,HIT FM,http://online.hitfm.ua/HitFM,http://online.hitfm.ua/HitFM,failed,http_error:400
/Users/norgik/Desktop/Atlas Radio v1.0/Atlas Radio v1.0/Resources/Stations/UA.json,ua-94-2,Радіо Максимум 94.2,http://lux.radio.tvstitch.com/kyiv/max_adv_sd,https://lux.radio.tvstitch.com/kyiv/max_adv_sd,upgraded,ok
/Users/norgik/Desktop/Atlas Radio v1.0/Atlas Radio v1.0/Resources/Stations/UA.json,ua-hromadske-radio,Громадське радіо / Hromadske radio,http://91.218.212.67:8000/stream,http://91.218.212.67:8000/stream,failed,timeout
/Users/norgik/Desktop/Atlas Radio v1.0/Atlas Radio v1.0/Resources/Stations/UA.json,ua-kiss-fm-ukrainian,Kiss FM Ukrainian,https://online.kissfm.ua/KissFM_Ukr,https://online.kissfm.ua/KissFM_Ukr,skipped,not_http
/Users/norgik/Desktop/Atlas Radio v1.0/Atlas Radio v1.0/Resources/Stations/UA.json,ua-station-2,Радіо Трек,http://online2.radiotrek.rv.ua:8000/AAC+_64,http://online2.radiotrek.rv.ua:8000/AAC+_64,failed,timeout
/Users/norgik/Desktop/Atlas Radio v1.0/Atlas Radio v1.0/Resources/Stations/UA.json,ua-32,Львівська хвиля (32 кбіт/с),http://onair.lviv.fm:8000/lviv32.fm,http://onair.lviv.fm:8000/lviv32.fm,failed,timeout
/Users/norgik/Desktop/Atlas Radio v1.0/Atlas Radio v1.0/Resources/Stations/UA.json,ua-relax-101-5,Радіо Relax 101.5,http://online.radiorelax.ua/RadioRelax,http://online.radiorelax.ua/RadioRelax,failed,http_error:400
/Users/norgik/Desktop/Atlas Radio v1.0/Atlas Radio v1.0/Resources/Stations/UA.json,ua-trance-is-star-radio,TRANCE IS STAR RADIO,https://myradio24.org/tisradio,https://myradio24.org/tisradio,skipped,not_http
/Users/norgik/Desktop/Atlas Radio v1.0/Atlas Radio v1.0/Resources/Stations/US.json,us-radio-paradise-main-mix-eu-320k-aac,Radio Paradise Main Mix (EU) 320k AAC,http://stream-uk1.radioparadise.com/aac-320,https://stream-uk1.radioparadise.com/aac-320,upgraded,ok
/Users/norgik/Desktop/Atlas Radio v1.0/Atlas Radio v1.0/Resources/Stations/US.json,us-classic-vinyl-hd,Classic Vinyl HD,https://icecast.walmradio.com:8443/classic,https://icecast.walmradio.com:8443/classic,skipped,not_http
/Users/norgik/Desktop/Atlas Radio v1.0/Atlas Radio v1.0/Resources/Stations/US.json,us-adroit-jazz-underground,Adroit Jazz Underground,https://icecast.walmradio.com:8443/jazz,https://icecast.walmradio.com:8443/jazz,skipped,not_http
/Users/norgik/Desktop/Atlas Radio v1.0/Atlas Radio v1.0/Resources/Stations/US.json,us-christmas-vinyl-hd,Christmas Vinyl HD,https://icecast.walmradio.com:8443/christmas,https://icecast.walmradio.com:8443/christmas,skipped,not_http
/Users/norgik/Desktop/Atlas Radio v1.0/Atlas Radio v1.0/Resources/Stations/US.json,us-walm-hd,WALM HD,https://icecast.walmradio.com:8443/walm,https://icecast.walmradio.com:8443/walm,skipped,not_http
/Users/norgik/Desktop/Atlas Radio v1.0/Atlas Radio v1.0/Resources/Stations/US.json,us-walm-old-time-radio,WALM - Old Time Radio,https://icecast.walmradio.com:8443/otr,https://icecast.walmradio.com:8443/otr,skipped,not_http
/Users/norgik/Desktop/Atlas Radio v1.0/Atlas Radio v1.0/Resources/Stations/US.json,us-walm-2-hd,WALM 2 HD,https://icecast.walmradio.com:8443/walm2,https://icecast.walmradio.com:8443/walm2,skipped,not_http
/Users/norgik/Desktop/Atlas Radio v1.0/Atlas Radio v1.0/Resources/Stations/US.json,us-101-smooth-jazz,101 SMOOTH JAZZ,http://jking.cdnstream1.com/b22139_128mp3,https://jking.cdnstream1.com/b22139_128mp3,upgraded,ok
/Users/norgik/Desktop/Atlas Radio v1.0/Atlas Radio v1.0/Resources/Stations/US.json,us-deep-house-lounge,Deep House Lounge,http://198.15.94.34:8006/stream,http://198.15.94.34:8006/stream,failed,exception:ConnectionError
/Users/norgik/Desktop/Atlas Radio v1.0/Atlas Radio v1.0/Resources/Stations/US.json,us-adroit-jazz-underground-hd-opus,Adroit Jazz Underground HD Opus,https://icecast.walmradio.com:8443/jazz_opus,https://icecast.walmradio.com:8443/jazz_opus,skipped,not_http
/Users/norgik/Desktop/Atlas Radio v1.0/Atlas Radio v1.0/Resources/Stations/US.json,us-walm-2-hd-opus,WALM 2 HD Opus,https://icecast.walmradio.com:8443/walm2_opus,https://icecast.walmradio.com:8443/walm2_opus,skipped,not_http
/Users/norgik/Desktop/Atlas Radio v1.0/Atlas Radio v1.0/Resources/Stations/US.json,us-classic-hits-radio-70-80-discofunk-modernsoul-boogie,CLASSIC HITS RADIO 70 80 DiscoFunk ModernSoul Boogie,https://radiopanther.radiolebowski.com/play,https://radiopanther.radiolebowski.com/play,skipped,not_http
/Users/norgik/Desktop/Atlas Radio v1.0/Atlas Radio v1.0/Resources/Stations/US.json,us-christmas-vinyl-hd-opus,Christmas Vinyl HD Opus,https://icecast.walmradio.com:8443/christmas_opus,https://icecast.walmradio.com:8443/christmas_opus,skipped,not_http
/Users/norgik/Desktop/Atlas Radio v1.0/Atlas Radio v1.0/Resources/Stations/US.json,us-977-80s,.977 80s,http://17573.live.streamtheworld.com/977_80_SC,https://17573.live.streamtheworld.com/977_80_SC,upgraded,ok
/Users/norgik/Desktop/Atlas Radio v1.0/Atlas Radio v1.0/Resources/Stations/US.json,us-your-classical-relax,Your Classical - Relax,http://relax.stream.publicradio.org/relax.mp3,https://relax.stream.publicradio.org/relax.mp3,upgraded,ok
/Users/norgik/Desktop/Atlas Radio v1.0/Atlas Radio v1.0/Resources/Stations/US.json,us-977-country,.977 Country,http://26343.live.streamtheworld.com/977_COUNTRY_SC,http://26343.live.streamtheworld.com/977_COUNTRY_SC,failed,http_error:503
/Users/norgik/Desktop/Atlas Radio v1.0/Atlas Radio v1.0/Resources/Stations/US.json,us-181-fm-old-school-hiphop-rnb,181.FM - Old School HipHop/RnB,http://listen.181fm.com/181-oldschool_128k.mp3,https://listen.181fm.com/181-oldschool_128k.mp3,upgraded,ok
/Users/norgik/Desktop/Atlas Radio v1.0/Atlas Radio v1.0/Resources/Stations/US.json,us-977-hitz,.977 Hitz,http://18863.live.streamtheworld.com/977_HITS_SC,https://18863.live.streamtheworld.com/977_HITS_SC,upgraded,ok
/Users/norgik/Desktop/Atlas Radio v1.0/Atlas Radio v1.0/Resources/Stations/US.json,us-ambient-sleeping-pill,Ambient Sleeping Pill,http://radio.stereoscenic.com/asp-h,https://radio.stereoscenic.com/asp-h,upgraded,ok
/Users/norgik/Desktop/Atlas Radio v1.0/Atlas Radio v1.0/Resources/Stations/US.json,us-frisky,Frisky,http://stream2.friskyradio.com/frisky_mp3_hi,http://stream2.friskyradio.com/frisky_mp3_hi,failed,http_error:400
/Users/norgik/Desktop/Atlas Radio v1.0/Atlas Radio v1.0/Resources/Stations/UZ.json,uz-a-lo-fm,A'LO FM,http://tabassum.uz:9000/alo_low,http://tabassum.uz:9000/alo_low,failed,timeout
/Users/norgik/Desktop/Atlas Radio v1.0/Atlas Radio v1.0/Resources/Stations/UZ.json,uz-yoshlar-ovozi,Yoshlar Ovozi ,http://ns10.jethost.uz:8000/yoshlarovoziaac,http://ns10.jethost.uz:8000/yoshlarovoziaac,failed,timeout
/Users/norgik/Desktop/Atlas Radio v1.0/Atlas Radio v1.0/Resources/Stations/UZ.json,uz-qalbim-navosi,Qalbim navosi,http://213.230.109.7:9000/alo_low,http://213.230.109.7:9000/alo_low,failed,timeout
/Users/norgik/Desktop/Atlas Radio v1.0/Atlas Radio v1.0/Resources/Stations/UZ.json,uz-oriat-fm,Oriat FM,http://194.5.152.248:8000/fm,http://194.5.152.248:8000/fm,failed,timeout
/Users/norgik/Desktop/Atlas Radio v1.0/Atlas Radio v1.0/Resources/Stations/UZ.json,uz-radio-tabassum,Radio Tabassum,http://tabassum.uz:9000/alo_low,http://tabassum.uz:9000/alo_low,failed,timeout
/Users/norgik/Desktop/Atlas Radio v1.0/Atlas Radio v1.0/Resources/Stations/UZ.json,uz-radio-o-zbegim-taronasi,Radio O'zbegim Taronasi,https://fm101.uz:9943/fm101_low.aac,https://fm101.uz:9943/fm101_low.aac,skipped,not_http
/Users/norgik/Desktop/Atlas Radio v1.0/Atlas Radio v1.0/Resources/Stations/UZ.json,uz-alghad-fm,alghad FM,http://s10.voscast.com:9410/,http://s10.voscast.com:9410/,failed,exception:ConnectionError
/Users/norgik/Desktop/Atlas Radio v1.0/Atlas Radio v1.0/Resources/Stations/UZ.json,uz-the-holy-quran-by-sheikh-mahmoud-al-husari,The Holy Quran  by Sheikh Mahmoud Al-Husari,https://qurango.net/radio/mahmoud_khalil_alhussary_warsh,https://qurango.net/radio/mahmoud_khalil_alhussary_warsh,skipped,not_http
/Users/norgik/Desktop/Atlas Radio v1.0/Atlas Radio v1.0/Resources/Stations/UZ.json,uz-islom-uz,Islom.uz,https://radio.islom.uz/islomuz,https://radio.islom.uz/islomuz,skipped,not_http
/Users/norgik/Desktop/Atlas Radio v1.0/Atlas Radio v1.0/Resources/Stations/UZ.json,uz-abdulbasit-abdulsamad,Abdulbasit Abdulsamad,https://radio.mp3islam.com/listen/abdulbasit/radio.mp3,https://radio.mp3islam.com/listen/abdulbasit/radio.mp3,skipped,not_http
/Users/norgik/Desktop/Atlas Radio v1.0/Atlas Radio v1.0/Resources/Stations/UZ.json,uz-radio-markaz,Radio Markaz,http://mediamarkaz.com:8000/radiomarkaz,http://mediamarkaz.com:8000/radiomarkaz,failed,timeout
/Users/norgik/Desktop/Atlas Radio v1.0/Atlas Radio v1.0/Resources/Stations/VN.json,vn-rfi-ti-ng-vi-t,RFI Tiếng Việt,https://rfienvietnamien64k.ice.infomaniak.ch/rfienvietnamien-64.mp3,https://rfienvietnamien64k.ice.infomaniak.ch/rfienvietnamien-64.mp3,skipped,not_http
/Users/norgik/Desktop/Atlas Radio v1.0/Atlas Radio v1.0/Resources/Stations/VN.json,vn-voh-fm-99-9,VOH FM 99.9,https://strm.voh.com.vn/radio/channel3/chunklist_w1005696319.m3u8,https://strm.voh.com.vn/radio/channel3/chunklist_w1005696319.m3u8,skipped,not_http
/Users/norgik/Desktop/Atlas Radio v1.0/Atlas Radio v1.0/Resources/Stations/VN.json,vn-vietnamese-national-people,Vietnamese National People,http://c13.radioboss.fm:8127/stream,https://c13.radioboss.fm:8127/stream,upgraded,ok
/Users/norgik/Desktop/Atlas Radio v1.0/Atlas Radio v1.0/Resources/Stations/VN.json,vn-voh-fm-95-6,VOH FM 95.6,https://strm.voh.com.vn/radio/channel1/chunklist_w829828563.m3u8,https://strm.voh.com.vn/radio/channel1/chunklist_w829828563.m3u8,skipped,not_http
/Users/norgik/Desktop/Atlas Radio v1.0/Atlas Radio v1.0/Resources/Stations/VN.json,vn-vov1,VOV1,https://str.vov.gov.vn/vovlive/vov1vov5Vietnamese.sdp_aac/playlist.m3u8,https://str.vov.gov.vn/vovlive/vov1vov5Vietnamese.sdp_aac/playlist.m3u8,skipped,not_http
/Users/norgik/Desktop/Atlas Radio v1.0/Atlas Radio v1.0/Resources/Stations/VN.json,vn-vov-giao-th-ng-h-n-i,VOV Giao thông Hà Nội,https://play.vovgiaothong.vn/live/gthn/playlist.m3u8,https://play.vovgiaothong.vn/live/gthn/playlist.m3u8,skipped,not_http
/Users/norgik/Desktop/Atlas Radio v1.0/Atlas Radio v1.0/Resources/Stations/VN.json,vn-fm-hanoi-90-mhz,FM HANOI 90 MHz,http://14.162.146.90:8000/HANOI90,http://14.162.146.90:8000/HANOI90,failed,timeout
/Users/norgik/Desktop/Atlas Radio v1.0/Atlas Radio v1.0/Resources/Stations/VN.json,vn-zing-bolero,ZING BOLERO,https://vnno-ne-3-tf-multi-playlist-zmp3.zmdcdn.me/BJ7DyJjfG_E/zhls/playback-realtime/audio/5bace800d4453d1b6454/audio.m3u8,https://vnno-ne-3-tf-multi-playlist-zmp3.zmdcdn.me/BJ7DyJjfG_E/zhls/playback-realtime/audio/5bace800d4453d1b6454/audio.m3u8,skipped,not_http
/Users/norgik/Desktop/Atlas Radio v1.0/Atlas Radio v1.0/Resources/Stations/VN.json,vn-kien-giang-radio,Kien Giang Radio,http://tv.kgtv.vn/live/kgaudio/kgaudio.m3u8,https://tv.angiangtv.vn/live/kgaudio/kgaudio.m3u8,upgraded,ok
/Users/norgik/Desktop/Atlas Radio v1.0/Atlas Radio v1.0/Resources/Stations/VN.json,vn-voh-am-610,VOH AM 610,https://strm.voh.com.vn/radio/channel2/chunklist_w884773542.m3u8,https://strm.voh.com.vn/radio/channel2/chunklist_w884773542.m3u8,skipped,not_http
/Users/norgik/Desktop/Atlas Radio v1.0/Atlas Radio v1.0/Resources/Stations/VN.json,vn-kien-giang-tv,Kien Giang TV,http://tv.kgtv.vn/live/kgtv/kgtv.m3u8,https://tv.angiangtv.vn/live/kgtv/kgtv.m3u8,upgraded,ok
/Users/norgik/Desktop/Atlas Radio v1.0/Atlas Radio v1.0/Resources/Stations/VN.json,vn-fm-hanoi-96-mhz,FM HANOI 96 MHz,http://222.252.21.96:8000/HANOI96,http://222.252.21.96:8000/HANOI96,failed,timeout
/Users/norgik/Desktop/Atlas Radio v1.0/Atlas Radio v1.0/Resources/Stations/VN.json,vn-kien-giang-tv-1,Kien Giang TV-1,http://tv.kgtv.vn/live/kgtv1/kgtv1.m3u8,https://tv.angiangtv.vn/live/kgtv1/kgtv1.m3u8,upgraded,ok
/Users/norgik/Desktop/Atlas Radio v1.0/Atlas Radio v1.0/Resources/Stations/VN.json,vn-m-radio-vietnam,M Radio Vietnam,https://stream-155.zeno.fm/4q7y9hvkp2zuv?zt=eyJhbGciOiJIUzI1NiJ9.eyJzdHJlYW0iOiI0cTd5OWh2a3AyenV2IiwiaG9zdCI6InN0cmVhbS0xNTUuemVuby5mbSIsInJ0dGwiOjUsImp0aSI6ImlpeGFsbUNWVE51cGxub1h2eE9NTmciLCJpYXQiOjE3MzE1NTExNjIsImV4cCI6MTczMTU1MTIyMn0.RQUqatQ8CtSaIcvH9kT1xRfeuptGIM13jzFd-2SehU0&aw_0_req_lsid=8196d2c78a734f244852a3f8bbbecbcb,https://stream-155.zeno.fm/4q7y9hvkp2zuv?zt=eyJhbGciOiJIUzI1NiJ9.eyJzdHJlYW0iOiI0cTd5OWh2a3AyenV2IiwiaG9zdCI6InN0cmVhbS0xNTUuemVuby5mbSIsInJ0dGwiOjUsImp0aSI6ImlpeGFsbUNWVE51cGxub1h2eE9NTmciLCJpYXQiOjE3MzE1NTExNjIsImV4cCI6MTczMTU1MTIyMn0.RQUqatQ8CtSaIcvH9kT1xRfeuptGIM13jzFd-2SehU0&aw_0_req_lsid=8196d2c78a734f244852a3f8bbbecbcb,skipped,not_http
/Users/norgik/Desktop/Atlas Radio v1.0/Atlas Radio v1.0/Resources/Stations/VN.json,vn-voh-fm-87-7,VOH FM 87.7,https://strm.voh.com.vn/radio/channel5/chunklist_w2071193605.m3u8,https://strm.voh.com.vn/radio/channel5/chunklist_w2071193605.m3u8,skipped,not_http
/Users/norgik/Desktop/Atlas Radio v1.0/Atlas Radio v1.0/Resources/Stations/VN.json,vn-vov-mekong,VOV Mekong,https://stream.vovmedia.vn/vovmekong,https://stream.vovmedia.vn/vovmekong,skipped,not_http
/Users/norgik/Desktop/Atlas Radio v1.0/Atlas Radio v1.0/Resources/Stations/VN.json,vn-vov-english-24-7,VOV English 24/7,https://stream.vovmedia.vn/vov247,https://stream.vovmedia.vn/vov247,skipped,not_http
/Users/norgik/Desktop/Atlas Radio v1.0/Atlas Radio v1.0/Resources/Stations/VN.json,vn-cri-ti-ng-vi-t,CRI Tiếng Việt,https://ice5.securenetsystems.net:80/KALI,https://ice5.securenetsystems.net:80/KALI,skipped,not_http
/Users/norgik/Desktop/Atlas Radio v1.0/Atlas Radio v1.0/Resources/Stations/VN.json,vn-viet-washington-dc,Viet Washington DC,http://varadio.serverroom.net:7968/,http://varadio.serverroom.net:7968/,failed,exception:ConnectionError
/Users/norgik/Desktop/Atlas Radio v1.0/Atlas Radio v1.0/Resources/Stations/VN.json,vn-ch-m-radio,CHẠM RADIO,https://vnno-ne-2-tf-multi-playlist-zmp3.zmdcdn.me/j20SDlO5EQk/zhls/playback-realtime/audio/59a2ee0ed24b3b15625a/audio.m3u8,https://vnno-ne-2-tf-multi-playlist-zmp3.zmdcdn.me/j20SDlO5EQk/zhls/playback-realtime/audio/59a2ee0ed24b3b15625a/audio.m3u8,skipped,not_http
/Users/norgik/Desktop/Atlas Radio v1.0/Atlas Radio v1.0/Resources/Stations/ZA.json,za-jacaranda-fm,Jacaranda FM,https://edge.iono.fm/xice/jacarandafm_live_medium.aac,https://edge.iono.fm/xice/jacarandafm_live_medium.aac,skipped,not_http
/Users/norgik/Desktop/Atlas Radio v1.0/Atlas Radio v1.0/Resources/Stations/ZA.json,za-bosveld-stereo,Bosveld Stereo,http://capeant.antfarm.co.za:8000/Bosveld,http://capeant.antfarm.co.za:8000/Bosveld,failed,ssl_error
/Users/norgik/Desktop/Atlas Radio v1.0/Atlas Radio v1.0/Resources/Stations/ZA.json,za-94-7,94.7,http://27953.live.streamtheworld.com/FM947AAC_SC,https://27953.live.streamtheworld.com/FM947AAC_SC,upgraded,ok
/Users/norgik/Desktop/Atlas Radio v1.0/Atlas Radio v1.0/Resources/Stations/ZA.json,za-702-johannesburg,702 Johannesburg,http://23543.live.streamtheworld.com:3690/FM702_SC,http://23543.live.streamtheworld.com:3690/FM702_SC,failed,timeout
/Users/norgik/Desktop/Atlas Radio v1.0/Atlas Radio v1.0/Resources/Stations/ZA.json,za-kaya-fm,Kaya FM,https://edge.iono.fm/xice/82_medium.aac,https://edge.iono.fm/xice/82_medium.aac,skipped,not_http
/Users/norgik/Desktop/Atlas Radio v1.0/Atlas Radio v1.0/Resources/Stations/ZA.json,za-bokradio,Bokradio,http://bokradio.highquality.radiostream.co.za/,http://bokradio.highquality.radiostream.co.za/,failed,timeout
/Users/norgik/Desktop/Atlas Radio v1.0/Atlas Radio v1.0/Resources/Stations/ZA.json,za-amapiano-fm,Amapiano FM,https://stream.zeno.fm/xs6zeac1ts8uv,https://stream.zeno.fm/xs6zeac1ts8uv,skipped,not_http
/Users/norgik/Desktop/Atlas Radio v1.0/Atlas Radio v1.0/Resources/Stations/ZA.json,za-ecr-east-coast-radio-kwazulu-natal,ECR - East Coast Radio -KwaZulu Natal,https://edge.iono.fm/xice/ecr_live_medium.aac,https://edge.iono.fm/xice/ecr_live_medium.aac,skipped,not_http
/Users/norgik/Desktop/Atlas Radio v1.0/Atlas Radio v1.0/Resources/Stations/ZA.json,za-lekker-fm,Lekker FM,https://zas3.ndx.co.za:8002/stream,https://zas3.ndx.co.za:8002/stream,skipped,not_http
/Users/norgik/Desktop/Atlas Radio v1.0/Atlas Radio v1.0/Resources/Stations/ZA.json,za-kaya-fm-95-9,KAYA FM 95.9,http://edge.iono.fm/xhls/82_high.m3u8,https://edge.iono.fm/xhls/82_high.m3u8,upgraded,ok
/Users/norgik/Desktop/Atlas Radio v1.0/Atlas Radio v1.0/Resources/Stations/ZA.json,za-lm-radio-south-africa,LM Radio South Africa,http://cast.fabrik.fm:8008/,http://cast.fabrik.fm:8008/,failed,exception:ConnectionError
/Users/norgik/Desktop/Atlas Radio v1.0/Atlas Radio v1.0/Resources/Stations/ZA.json,za-radio-786,Radio 786,http://stream.krypton.co.za:8040/stream/,http://stream.krypton.co.za:8040/stream/,failed,exception:ConnectionError
/Users/norgik/Desktop/Atlas Radio v1.0/Atlas Radio v1.0/Resources/Stations/ZA.json,za-jakaranda-fm,Jakaranda FM,https://edge.iono.fm/xice/jacarandafm_live_high.mp3,https://edge.iono.fm/xice/jacarandafm_live_high.mp3,skipped,not_http
/Users/norgik/Desktop/Atlas Radio v1.0/Atlas Radio v1.0/Resources/Stations/ZA.json,za-classic-fm-1027,Classic FM 1027,http://edge.iono.fm/xice/49_medium.aac?p=embed,https://edge.iono.fm/xice/49_medium.aac?p=embed,upgraded,ok
/Users/norgik/Desktop/Atlas Radio v1.0/Atlas Radio v1.0/Resources/Stations/ZA.json,za-cape-talk,Cape Talk,http://22733.live.streamtheworld.com/CAPE_TALK_SC,https://22733.live.streamtheworld.com/CAPE_TALK_SC,upgraded,ok
/Users/norgik/Desktop/Atlas Radio v1.0/Atlas Radio v1.0/Resources/Stations/ZA.json,za-ukhozi-fm-s-a,Ukhozi FM S.A,https://playerservices.streamtheworld.com/api/livestream-redirect/UKHOZIFMAAC_SC?dist=triton-widget&pname=tdwidgets,https://playerservices.streamtheworld.com/api/livestream-redirect/UKHOZIFMAAC_SC?dist=triton-widget&pname=tdwidgets,skipped,not_http
/Users/norgik/Desktop/Atlas Radio v1.0/Atlas Radio v1.0/Resources/Stations/ZA.json,za-joy-gospel-radio,JOY GOSPEL RADIO,https://servidor17.brlogic.com:7012/live,https://servidor17.brlogic.com:7012/live,skipped,not_http
/Users/norgik/Desktop/Atlas Radio v1.0/Atlas Radio v1.0/Resources/Stations/ZA.json,za-947,947,http://25553.live.streamtheworld.com:3690/FM947_SC,http://25553.live.streamtheworld.com:3690/FM947_SC,failed,timeout
/Users/norgik/Desktop/Atlas Radio v1.0/Atlas Radio v1.0/Resources/Stations/ZA.json,za-jozi-fm,Jozi FM,https://edge.iono.fm/xice/51_medium.aac,https://edge.iono.fm/xice/51_medium.aac,skipped,not_http
/Users/norgik/Desktop/Atlas Radio v1.0/Atlas Radio v1.0/Resources/Stations/ZA.json,za-power-98-7,Power 98.7,https://edge.iono.fm/xice/65_medium.aac,https://edge.iono.fm/xice/65_medium.aac,skipped,not_http
